date_time,source,destination,route,is_holiday,weekday,day,month,hour,year,traffic,last_1_hour_traffic,last_2_hour_traffic,last_3_hour_traffic,last_4_hour_traffic,last_5_hour_traffic,last_6_hour_traffic
2022-01-01 10:00:00,wagholi,nigadi,Lohgaon Rd,1,6,1,1,10,2022,2000,,,,,,
2022-01-01 14:00:00,wagholi,nigadi,Khadaki,1,6,1,1,14,2022,1000,2000.0,,,,,
2022-01-02 11:00:00,wagholi,nigadi,Lohgaon Rd,1,7,2,1,11,2022,3400,1000.0,2000.0,,,,
2022-01-02 15:00:00,wagholi,nigadi,Khadaki,1,7,2,1,15,2022,1200,3400.0,1000.0,2000.0,,,
2022-01-03 12:00:00,wagholi,nigadi,Lohgaon Rd,1,1,3,1,12,2022,5000,1200.0,3400.0,1000.0,2000.0,,
2022-01-03 16:00:00,wagholi,nigadi,Khadaki,1,1,3,1,16,2022,4500,5000.0,1200.0,3400.0,1000.0,2000.0,
2022-01-04 13:00:00,wagholi,nigadi,Lohgaon Rd,1,2,4,1,13,2022,4893,4500.0,5000.0,1200.0,3400.0,1000.0,2000.0
2022-01-04 17:00:00,wagholi,nigadi,Khadaki,1,2,4,1,17,2022,4800,4893.0,4500.0,5000.0,1200.0,3400.0,1000.0
2022-01-05 14:00:00,wagholi,nigadi,Lohgaon Rd,1,3,5,1,14,2022,4560,4800.0,4893.0,4500.0,5000.0,1200.0,3400.0
2022-01-05 18:00:00,wagholi,nigadi,Khadaki,1,3,5,1,18,2022,4900,4560.0,4800.0,4893.0,4500.0,5000.0,1200.0
2022-01-06 15:00:00,wagholi,nigadi,Lohgaon Rd,1,4,6,1,15,2022,4300,4900.0,4560.0,4800.0,4893.0,4500.0,5000.0
2022-01-06 19:00:00,wagholi,nigadi,Khadaki,1,4,6,1,19,2022,5000,4300.0,4900.0,4560.0,4800.0,4893.0,4500.0
2022-01-07 16:00:00,wagholi,nigadi,Lohgaon Rd,1,5,7,1,16,2022,4876,5000.0,4300.0,4900.0,4560.0,4800.0,4893.0
2022-01-07 20:00:00,wagholi,nigadi,Khadaki,1,5,7,1,20,2022,5100,4876.0,5000.0,4300.0,4900.0,4560.0,4800.0
2022-01-08 17:00:00,wagholi,nigadi,Lohgaon Rd,1,6,8,1,17,2022,3000,5100.0,4876.0,5000.0,4300.0,4900.0,4560.0
2022-01-08 21:00:00,wagholi,nigadi,Khadaki,1,6,8,1,21,2022,2000,3000.0,5100.0,4876.0,5000.0,4300.0,4900.0
2022-01-09 18:00:00,wagholi,nigadi,Lohgaon Rd,1,7,9,1,18,2022,3100,2000.0,3000.0,5100.0,4876.0,5000.0,4300.0
2022-01-09 22:00:00,wagholi,nigadi,Khadaki,1,7,9,1,22,2022,1000,3100.0,2000.0,3000.0,5100.0,4876.0,5000.0
2022-01-10 19:00:00,wagholi,nigadi,Lohgaon Rd,1,1,10,1,19,2022,5600,1000.0,3100.0,2000.0,3000.0,5100.0,4876.0
2022-01-10 23:00:00,wagholi,nigadi,Khadaki,1,1,10,1,23,2022,2800,5600.0,1000.0,3100.0,2000.0,3000.0,5100.0
2022-01-11 20:00:00,wagholi,nigadi,Lohgaon Rd,1,2,11,1,20,2022,5510,2800.0,5600.0,1000.0,3100.0,2000.0,3000.0
2022-01-12 00:00:00,wagholi,nigadi,Khadaki,1,3,12,1,0,2022,2900,5510.0,2800.0,5600.0,1000.0,3100.0,2000.0
2022-01-12 21:00:00,wagholi,nigadi,Lohgaon Rd,1,3,12,1,21,2022,5506,2900.0,5510.0,2800.0,5600.0,1000.0,3100.0
2022-01-13 01:00:00,wagholi,nigadi,Khadaki,1,4,13,1,1,2022,1000,5506.0,2900.0,5510.0,2800.0,5600.0,1000.0
2022-01-13 22:00:00,wagholi,nigadi,Lohgaon Rd,1,4,13,1,22,2022,5519,1000.0,5506.0,2900.0,5510.0,2800.0,5600.0
2022-01-14 02:00:00,wagholi,nigadi,Khadaki,1,5,14,1,2,2022,980,5519.0,1000.0,5506.0,2900.0,5510.0,2800.0
2022-01-14 23:00:00,wagholi,nigadi,Lohgaon Rd,1,5,14,1,23,2022,5500,980.0,5519.0,1000.0,5506.0,2900.0,5510.0
2022-01-15 03:00:00,wagholi,nigadi,Khadaki,1,6,15,1,3,2022,990,5500.0,980.0,5519.0,1000.0,5506.0,2900.0
2022-01-16 04:00:00,wagholi,nigadi,Khadaki,1,7,16,1,4,2022,995,990.0,5500.0,980.0,5519.0,1000.0,5506.0
2022-01-16 04:00:00,wagholi,nigadi,Lohgaon Rd,1,7,16,1,4,2022,1000,995.0,990.0,5500.0,980.0,5519.0,1000.0
2022-01-17 01:00:00,wagholi,nigadi,Lohgaon Rd,1,1,17,1,1,2022,2200,1000.0,995.0,990.0,5500.0,980.0,5519.0
2022-01-17 05:00:00,wagholi,nigadi,Khadaki,1,1,17,1,5,2022,1000,2200.0,1000.0,995.0,990.0,5500.0,980.0
2022-01-18 02:00:00,wagholi,nigadi,Lohgaon Rd,1,2,18,1,2,2022,876,1000.0,2200.0,1000.0,995.0,990.0,5500.0
2022-01-18 06:00:00,wagholi,nigadi,Khadaki,1,2,18,1,6,2022,2500,876.0,1000.0,2200.0,1000.0,995.0,990.0
2022-01-19 03:00:00,wagholi,nigadi,Lohgaon Rd,1,3,19,1,3,2022,970,2500.0,876.0,1000.0,2200.0,1000.0,995.0
2022-01-19 07:00:00,wagholi,nigadi,Khadaki,1,3,19,1,7,2022,3900,970.0,2500.0,876.0,1000.0,2200.0,1000.0
2022-01-20 04:00:00,wagholi,nigadi,Lohgaon Rd,1,4,20,1,4,2022,1000,3900.0,970.0,2500.0,876.0,1000.0,2200.0
2022-01-20 08:00:00,wagholi,nigadi,Khadaki,1,4,20,1,8,2022,3999,1000.0,3900.0,970.0,2500.0,876.0,1000.0
2022-01-21 05:00:00,wagholi,nigadi,Lohgaon Rd,1,5,21,1,5,2022,1234,3999.0,1000.0,3900.0,970.0,2500.0,876.0
2022-01-21 09:00:00,wagholi,nigadi,Khadaki,1,5,21,1,9,2022,4000,1234.0,3999.0,1000.0,3900.0,970.0,2500.0
2022-01-22 06:00:00,wagholi,nigadi,Lohgaon Rd,1,6,22,1,6,2022,700,4000.0,1234.0,3999.0,1000.0,3900.0,970.0
2022-01-22 10:00:00,wagholi,nigadi,Khadaki,1,6,22,1,10,2022,1000,700.0,4000.0,1234.0,3999.0,1000.0,3900.0
2022-01-23 07:00:00,wagholi,nigadi,Lohgaon Rd,1,7,23,1,7,2022,700,1000.0,700.0,4000.0,1234.0,3999.0,1000.0
2022-01-23 11:00:00,wagholi,nigadi,Khadaki,1,7,23,1,11,2022,987,700.0,1000.0,700.0,4000.0,1234.0,3999.0
2022-01-24 08:00:00,wagholi,nigadi,Lohgaon Rd,1,1,24,1,8,2022,5000,987.0,700.0,1000.0,700.0,4000.0,1234.0
2022-01-24 12:00:00,wagholi,nigadi,Khadaki,1,1,24,1,12,2022,3000,5000.0,987.0,700.0,1000.0,700.0,4000.0
2022-01-25 09:00:00,wagholi,nigadi,Lohgaon Rd,1,2,25,1,9,2022,4068,3000.0,5000.0,987.0,700.0,1000.0,700.0
2022-01-25 13:00:00,wagholi,nigadi,Khadaki,1,2,25,1,13,2022,3500,4068.0,3000.0,5000.0,987.0,700.0,1000.0
2022-01-26 10:00:00,wagholi,nigadi,Lohgaon Rd,1,3,26,1,10,2022,1000,3500.0,4068.0,3000.0,5000.0,987.0,700.0
2022-01-26 14:00:00,wagholi,nigadi,Khadaki,1,3,26,1,14,2022,4000,1000.0,3500.0,4068.0,3000.0,5000.0,987.0
2022-01-27 11:00:00,wagholi,nigadi,Lohgaon Rd,1,4,27,1,11,2022,2500,4000.0,1000.0,3500.0,4068.0,3000.0,5000.0
2022-01-27 15:00:00,wagholi,nigadi,Khadaki,1,4,27,1,15,2022,4500,2500.0,4000.0,1000.0,3500.0,4068.0,3000.0
2022-01-28 12:00:00,wagholi,nigadi,Lohgaon Rd,1,5,28,1,12,2022,2600,4500.0,2500.0,4000.0,1000.0,3500.0,4068.0
2022-01-28 16:00:00,wagholi,nigadi,Khadaki,1,5,28,1,16,2022,5000,2600.0,4500.0,2500.0,4000.0,1000.0,3500.0
2022-01-29 13:00:00,wagholi,nigadi,Lohgaon Rd,1,6,29,1,13,2022,1500,5000.0,2600.0,4500.0,2500.0,4000.0,1000.0
2022-01-29 17:00:00,wagholi,nigadi,Khadaki,1,6,29,1,17,2022,2300,1500.0,5000.0,2600.0,4500.0,2500.0,4000.0
2022-01-30 14:00:00,wagholi,nigadi,Lohgaon Rd,1,7,30,1,14,2022,1600,2300.0,1500.0,5000.0,2600.0,4500.0,2500.0
2022-01-30 18:00:00,wagholi,nigadi,Khadaki,1,7,30,1,18,2022,2500,1600.0,2300.0,1500.0,5000.0,2600.0,4500.0
2022-01-31 15:00:00,wagholi,nigadi,Lohgaon Rd,1,1,31,1,15,2022,4500,2500.0,1600.0,2300.0,1500.0,5000.0,2600.0
2022-01-31 19:00:00,wagholi,nigadi,Khadaki,1,1,31,1,19,2022,4000,4500.0,2500.0,1600.0,2300.0,1500.0,5000.0
2022-02-01 16:00:00,wagholi,nigadi,Lohgaon Rd,1,2,1,2,16,2022,4600,4000.0,4500.0,2500.0,1600.0,2300.0,1500.0
2022-02-01 20:00:00,wagholi,nigadi,Khadaki,1,2,1,2,20,2022,4600,4600.0,4000.0,4500.0,2500.0,1600.0,2300.0
2022-02-02 17:00:00,wagholi,nigadi,Lohgaon Rd,1,3,2,2,17,2022,4800,4600.0,4600.0,4000.0,4500.0,2500.0,1600.0
2022-02-02 21:00:00,wagholi,nigadi,Khadaki,1,3,2,2,21,2022,4700,4800.0,4600.0,4600.0,4000.0,4500.0,2500.0
2022-02-03 18:00:00,wagholi,nigadi,Lohgaon Rd,1,4,3,2,18,2022,5200,4700.0,4800.0,4600.0,4600.0,4000.0,4500.0
2022-02-03 22:00:00,wagholi,nigadi,Khadaki,1,4,3,2,22,2022,5000,5200.0,4700.0,4800.0,4600.0,4600.0,4000.0
2022-02-04 19:00:00,wagholi,nigadi,Lohgaon Rd,1,5,4,2,19,2022,5400,5000.0,5200.0,4700.0,4800.0,4600.0,4600.0
2022-02-04 23:00:00,wagholi,nigadi,Khadaki,1,5,4,2,23,2022,2300,5400.0,5000.0,5200.0,4700.0,4800.0,4600.0
2022-02-05 20:00:00,wagholi,nigadi,Lohgaon Rd,1,6,5,2,20,2022,2699,2300.0,5400.0,5000.0,5200.0,4700.0,4800.0
2022-02-06 00:00:00,wagholi,nigadi,Khadaki,1,7,6,2,0,2022,1000,2699.0,2300.0,5400.0,5000.0,5200.0,4700.0
2022-02-06 21:00:00,wagholi,nigadi,Lohgaon Rd,1,7,6,2,21,2022,2700,1000.0,2699.0,2300.0,5400.0,5000.0,5200.0
2022-02-07 01:00:00,wagholi,nigadi,Khadaki,1,1,7,2,1,2022,920,2700.0,1000.0,2699.0,2300.0,5400.0,5000.0
2022-02-07 22:00:00,wagholi,nigadi,Lohgaon Rd,1,1,7,2,22,2022,5200,920.0,2700.0,1000.0,2699.0,2300.0,5400.0
2022-02-08 02:00:00,wagholi,nigadi,Khadaki,1,2,8,2,2,2022,930,5200.0,920.0,2700.0,1000.0,2699.0,2300.0
2022-02-08 23:00:00,wagholi,nigadi,Lohgaon Rd,1,2,8,2,23,2022,3000,930.0,5200.0,920.0,2700.0,1000.0,2699.0
2022-02-09 03:00:00,wagholi,nigadi,Khadaki,1,3,9,2,3,2022,940,3000.0,930.0,5200.0,920.0,2700.0,1000.0
2022-02-10 04:00:00,wagholi,nigadi,Khadaki,1,4,10,2,4,2022,950,940.0,3000.0,930.0,5200.0,920.0,2700.0
2022-02-10 12:00:00,wagholi,nigadi,Lohgaon Rd,1,4,10,2,12,2022,2500,950.0,940.0,3000.0,930.0,5200.0,920.0
2022-02-11 01:00:00,wagholi,nigadi,Lohgaon Rd,1,5,11,2,1,2022,900,2500.0,950.0,940.0,3000.0,930.0,5200.0
2022-02-11 05:00:00,wagholi,nigadi,Khadaki,1,5,11,2,5,2022,980,900.0,2500.0,950.0,940.0,3000.0,930.0
2022-02-12 02:00:00,wagholi,nigadi,Lohgaon Rd,1,6,12,2,2,2022,800,980.0,900.0,2500.0,950.0,940.0,3000.0
2022-02-12 06:00:00,wagholi,nigadi,Khadaki,1,6,12,2,6,2022,2500,800.0,980.0,900.0,2500.0,950.0,940.0
2022-02-13 03:00:00,wagholi,nigadi,Lohgaon Rd,1,7,13,2,3,2022,700,2500.0,800.0,980.0,900.0,2500.0,950.0
2022-02-13 07:00:00,wagholi,nigadi,Khadaki,1,7,13,2,7,2022,3000,700.0,2500.0,800.0,980.0,900.0,2500.0
2022-02-14 04:00:00,wagholi,nigadi,Lohgaon Rd,1,1,14,2,4,2022,659,3000.0,700.0,2500.0,800.0,980.0,900.0
2022-02-14 08:00:00,wagholi,nigadi,Khadaki,1,1,14,2,8,2022,3800,659.0,3000.0,700.0,2500.0,800.0,980.0
2022-02-15 05:00:00,wagholi,nigadi,Lohgaon Rd,1,2,15,2,5,2022,700,3800.0,659.0,3000.0,700.0,2500.0,800.0
2022-02-15 09:00:00,wagholi,nigadi,Khadaki,1,2,15,2,9,2022,5000,700.0,3800.0,659.0,3000.0,700.0,2500.0
2022-02-16 06:00:00,wagholi,nigadi,Lohgaon Rd,1,3,16,2,6,2022,2000,5000.0,700.0,3800.0,659.0,3000.0,700.0
2022-02-16 10:00:00,wagholi,nigadi,Khadaki,1,3,16,2,10,2022,5200,2000.0,5000.0,700.0,3800.0,659.0,3000.0
2022-02-17 07:00:00,wagholi,nigadi,Lohgaon Rd,1,4,17,2,7,2022,3000,5200.0,2000.0,5000.0,700.0,3800.0,659.0
2022-02-17 11:00:00,wagholi,nigadi,Khadaki,1,4,17,2,11,2022,5400,3000.0,5200.0,2000.0,5000.0,700.0,3800.0
2022-02-18 08:00:00,wagholi,nigadi,Lohgaon Rd,1,5,18,2,8,2022,4000,5400.0,3000.0,5200.0,2000.0,5000.0,700.0
2022-02-18 12:00:00,wagholi,nigadi,Khadaki,1,5,18,2,12,2022,5000,4000.0,5400.0,3000.0,5200.0,2000.0,5000.0
2022-02-19 09:00:00,wagholi,nigadi,Lohgaon Rd,1,6,19,2,9,2022,5503,5000.0,4000.0,5400.0,3000.0,5200.0,2000.0
2022-02-19 13:00:00,wagholi,nigadi,Khadaki,1,6,19,2,13,2022,5505,5503.0,5000.0,4000.0,5400.0,3000.0,5200.0
2022-02-20 10:00:00,wagholi,nigadi,Lohgaon Rd,1,7,20,2,10,2022,4500,5505.0,5503.0,5000.0,4000.0,5400.0,3000.0
2022-02-20 14:00:00,wagholi,nigadi,Khadaki,1,7,20,2,14,2022,2000,4500.0,5505.0,5503.0,5000.0,4000.0,5400.0
2022-02-21 11:00:00,wagholi,nigadi,Lohgaon Rd,1,1,21,2,11,2022,4000,2000.0,4500.0,5505.0,5503.0,5000.0,4000.0
2022-02-21 15:00:00,wagholi,nigadi,Khadaki,1,1,21,2,15,2022,4000,4000.0,2000.0,4500.0,5505.0,5503.0,5000.0
2022-02-22 12:00:00,wagholi,nigadi,Lohgaon Rd,1,2,22,2,12,2022,3500,4000.0,4000.0,2000.0,4500.0,5505.0,5503.0
2022-02-22 16:00:00,wagholi,nigadi,Khadaki,1,2,22,2,16,2022,4500,3500.0,4000.0,4000.0,2000.0,4500.0,5505.0
2022-02-23 13:00:00,wagholi,nigadi,Lohgaon Rd,1,3,23,2,13,2022,3000,4500.0,3500.0,4000.0,4000.0,2000.0,4500.0
2022-02-23 17:00:00,wagholi,nigadi,Khadaki,1,3,23,2,17,2022,5000,3000.0,4500.0,3500.0,4000.0,4000.0,2000.0
2022-02-24 14:00:00,wagholi,nigadi,Lohgaon Rd,1,4,24,2,14,2022,3500,5000.0,3000.0,4500.0,3500.0,4000.0,4000.0
2022-02-24 18:00:00,wagholi,nigadi,Khadaki,1,4,24,2,18,2022,5200,3500.0,5000.0,3000.0,4500.0,3500.0,4000.0
2022-02-25 15:00:00,wagholi,nigadi,Lohgaon Rd,1,5,25,2,15,2022,4500,5200.0,3500.0,5000.0,3000.0,4500.0,3500.0
2022-02-25 19:00:00,wagholi,nigadi,Khadaki,1,5,25,2,19,2022,5300,4500.0,5200.0,3500.0,5000.0,3000.0,4500.0
2022-02-26 16:00:00,wagholi,nigadi,Lohgaon Rd,1,6,26,2,16,2022,2500,5300.0,4500.0,5200.0,3500.0,5000.0,3000.0
2022-02-26 20:00:00,wagholi,nigadi,Khadaki,1,6,26,2,20,2022,3000,2500.0,5300.0,4500.0,5200.0,3500.0,5000.0
2022-02-27 17:00:00,wagholi,nigadi,Lohgaon Rd,1,7,27,2,17,2022,3500,3000.0,2500.0,5300.0,4500.0,5200.0,3500.0
2022-02-27 21:00:00,wagholi,nigadi,Khadaki,1,7,27,2,21,2022,3400,3500.0,3000.0,2500.0,5300.0,4500.0,5200.0
2022-02-28 18:00:00,wagholi,nigadi,Lohgaon Rd,1,1,28,2,18,2022,4000,3400.0,3500.0,3000.0,2500.0,5300.0,4500.0
2022-02-28 22:00:00,wagholi,nigadi,Khadaki,1,1,28,2,22,2022,5000,4000.0,3400.0,3500.0,3000.0,2500.0,5300.0
2022-03-01 19:00:00,wagholi,nigadi,Lohgaon Rd,1,2,1,3,19,2022,5000,5000.0,4000.0,3400.0,3500.0,3000.0,2500.0
2022-03-01 23:00:00,wagholi,nigadi,Khadaki,1,2,1,3,23,2022,5600,5000.0,5000.0,4000.0,3400.0,3500.0,3000.0
2022-03-02 20:00:00,wagholi,nigadi,Lohgaon Rd,1,3,2,3,20,2022,4000,5600.0,5000.0,5000.0,4000.0,3400.0,3500.0
2022-03-03 00:00:00,wagholi,nigadi,Khadaki,1,4,3,3,0,2022,3000,4000.0,5600.0,5000.0,5000.0,4000.0,3400.0
2022-03-03 01:00:00,wagholi,nigadi,Lohgaon Rd,1,4,3,3,1,2022,1000,3000.0,4000.0,5600.0,5000.0,5000.0,4000.0
2022-03-04 01:00:00,wagholi,nigadi,Khadaki,1,5,4,3,1,2022,1000,1000.0,3000.0,4000.0,5600.0,5000.0,5000.0
2022-03-04 02:00:00,wagholi,nigadi,Lohgaon Rd,1,5,4,3,2,2022,900,1000.0,1000.0,3000.0,4000.0,5600.0,5000.0
2022-03-05 02:00:00,wagholi,nigadi,Khadaki,1,6,5,3,2,2022,900,900.0,1000.0,1000.0,3000.0,4000.0,5600.0
2022-03-05 03:00:00,wagholi,nigadi,Lohgaon Rd,1,6,5,3,3,2022,950,900.0,900.0,1000.0,1000.0,3000.0,4000.0
2022-03-06 03:00:00,wagholi,nigadi,Khadaki,1,7,6,3,3,2022,980,950.0,900.0,900.0,1000.0,1000.0,3000.0
2022-03-07 02:00:00,wagholi,nigadi,Lohgaon Rd,1,1,7,3,2,2022,960,980.0,950.0,900.0,900.0,1000.0,1000.0
2022-03-07 04:00:00,wagholi,nigadi,Khadaki,1,1,7,3,4,2022,990,960.0,980.0,950.0,900.0,900.0,1000.0
2022-03-08 01:00:00,wagholi,nigadi,Lohgaon Rd,1,2,8,3,1,2022,1000,990.0,960.0,980.0,950.0,900.0,900.0
2022-03-08 05:00:00,wagholi,nigadi,Khadaki,1,2,8,3,5,2022,980,1000.0,990.0,960.0,980.0,950.0,900.0
2022-03-09 02:00:00,wagholi,nigadi,Lohgaon Rd,1,3,9,3,2,2022,950,980.0,1000.0,990.0,960.0,980.0,950.0
2022-03-09 06:00:00,wagholi,nigadi,Khadaki,1,3,9,3,6,2022,2000,950.0,980.0,1000.0,990.0,960.0,980.0
2022-03-10 03:00:00,wagholi,nigadi,Lohgaon Rd,1,4,10,3,3,2022,900,2000.0,950.0,980.0,1000.0,990.0,960.0
2022-03-10 07:00:00,wagholi,nigadi,Khadaki,1,4,10,3,7,2022,3000,900.0,2000.0,950.0,980.0,1000.0,990.0
2022-03-11 04:00:00,wagholi,nigadi,Lohgaon Rd,1,5,11,3,4,2022,850,3000.0,900.0,2000.0,950.0,980.0,1000.0
2022-03-11 08:00:00,wagholi,nigadi,Khadaki,1,5,11,3,8,2022,4000,850.0,3000.0,900.0,2000.0,950.0,980.0
2022-03-12 05:00:00,wagholi,nigadi,Lohgaon Rd,1,6,12,3,5,2022,1000,4000.0,850.0,3000.0,900.0,2000.0,950.0
2022-03-12 09:00:00,wagholi,nigadi,Khadaki,1,6,12,3,9,2022,980,1000.0,4000.0,850.0,3000.0,900.0,2000.0
2022-03-13 06:00:00,wagholi,nigadi,Lohgaon Rd,1,7,13,3,6,2022,2000,980.0,1000.0,4000.0,850.0,3000.0,900.0
2022-03-13 10:00:00,wagholi,nigadi,Khadaki,1,7,13,3,10,2022,990,2000.0,980.0,1000.0,4000.0,850.0,3000.0
2022-03-14 07:00:00,wagholi,nigadi,Lohgaon Rd,1,1,14,3,7,2022,3000,990.0,2000.0,980.0,1000.0,4000.0,850.0
2022-03-14 11:00:00,wagholi,nigadi,Khadaki,1,1,14,3,11,2022,5500,3000.0,990.0,2000.0,980.0,1000.0,4000.0
2022-03-15 08:00:00,wagholi,nigadi,Lohgaon Rd,1,2,15,3,8,2022,4000,5500.0,3000.0,990.0,2000.0,980.0,1000.0
2022-03-15 12:00:00,wagholi,nigadi,Khadaki,1,2,15,3,12,2022,3000,4000.0,5500.0,3000.0,990.0,2000.0,980.0
2022-03-16 09:00:00,wagholi,nigadi,Lohgaon Rd,1,3,16,3,9,2022,5512,3000.0,4000.0,5500.0,3000.0,990.0,2000.0
2022-03-16 13:00:00,wagholi,nigadi,Khadaki,1,3,16,3,13,2022,3500,5512.0,3000.0,4000.0,5500.0,3000.0,990.0
2022-03-17 10:00:00,wagholi,nigadi,Lohgaon Rd,1,4,17,3,10,2022,5300,3500.0,5512.0,3000.0,4000.0,5500.0,3000.0
2022-03-17 14:00:00,wagholi,nigadi,Khadaki,1,4,17,3,14,2022,4000,5300.0,3500.0,5512.0,3000.0,4000.0,5500.0
2022-03-18 11:00:00,wagholi,nigadi,Lohgaon Rd,1,5,18,3,11,2022,5504,4000.0,5300.0,3500.0,5512.0,3000.0,4000.0
2022-03-18 15:00:00,wagholi,nigadi,Khadaki,1,5,18,3,15,2022,5507,5504.0,4000.0,5300.0,3500.0,5512.0,3000.0
2022-03-19 12:00:00,wagholi,nigadi,Lohgaon Rd,1,6,19,3,12,2022,2000,5507.0,5504.0,4000.0,5300.0,3500.0,5512.0
2022-03-19 16:00:00,wagholi,nigadi,Khadaki,1,6,19,3,16,2022,2000,2000.0,5507.0,5504.0,4000.0,5300.0,3500.0
2022-03-20 13:00:00,wagholi,nigadi,Lohgaon Rd,1,7,20,3,13,2022,2500,2000.0,2000.0,5507.0,5504.0,4000.0,5300.0
2022-03-20 17:00:00,wagholi,nigadi,Khadaki,1,7,20,3,17,2022,2500,2500.0,2000.0,2000.0,5507.0,5504.0,4000.0
2022-03-21 14:00:00,wagholi,nigadi,Lohgaon Rd,1,1,21,3,14,2022,4500,2500.0,2500.0,2000.0,2000.0,5507.0,5504.0
2022-03-21 18:00:00,wagholi,nigadi,Khadaki,1,1,21,3,18,2022,4600,4500.0,2500.0,2500.0,2000.0,2000.0,5507.0
2022-03-22 15:00:00,wagholi,nigadi,Lohgaon Rd,1,2,22,3,15,2022,5000,4600.0,4500.0,2500.0,2500.0,2000.0,2000.0
2022-03-22 19:00:00,wagholi,nigadi,Khadaki,1,2,22,3,19,2022,4700,5000.0,4600.0,4500.0,2500.0,2500.0,2000.0
2022-03-23 16:00:00,wagholi,nigadi,Lohgaon Rd,1,3,23,3,16,2022,5500,4700.0,5000.0,4600.0,4500.0,2500.0,2500.0
2022-03-23 20:00:00,wagholi,nigadi,Khadaki,1,3,23,3,20,2022,4800,5500.0,4700.0,5000.0,4600.0,4500.0,2500.0
2022-03-24 17:00:00,wagholi,nigadi,Lohgaon Rd,1,4,24,3,17,2022,5000,4800.0,5500.0,4700.0,5000.0,4600.0,4500.0
2022-03-24 21:00:00,wagholi,nigadi,Khadaki,1,4,24,3,21,2022,4900,5000.0,4800.0,5500.0,4700.0,5000.0,4600.0
2022-03-25 18:00:00,wagholi,nigadi,Lohgaon Rd,1,5,25,3,18,2022,5200,4900.0,5000.0,4800.0,5500.0,4700.0,5000.0
2022-03-25 22:00:00,wagholi,nigadi,Khadaki,1,5,25,3,22,2022,5100,5200.0,4900.0,5000.0,4800.0,5500.0,4700.0
2022-03-26 19:00:00,wagholi,nigadi,Lohgaon Rd,1,6,26,3,19,2022,2500,5100.0,5200.0,4900.0,5000.0,4800.0,5500.0
2022-03-26 23:00:00,wagholi,nigadi,Khadaki,1,6,26,3,23,2022,2000,2500.0,5100.0,5200.0,4900.0,5000.0,4800.0
2022-03-27 20:00:00,wagholi,nigadi,Lohgaon Rd,1,7,27,3,20,2022,2600,2000.0,2500.0,5100.0,5200.0,4900.0,5000.0
2022-03-28 00:00:00,wagholi,nigadi,Khadaki,1,1,28,3,0,2022,3000,2600.0,2000.0,2500.0,5100.0,5200.0,4900.0
2022-03-28 21:00:00,wagholi,nigadi,Lohgaon Rd,1,1,28,3,21,2022,5000,3000.0,2600.0,2000.0,2500.0,5100.0,5200.0
2022-03-29 01:00:00,wagholi,nigadi,Khadaki,1,2,29,3,1,2022,1000,5000.0,3000.0,2600.0,2000.0,2500.0,5100.0
2022-03-29 22:00:00,wagholi,nigadi,Lohgaon Rd,1,2,29,3,22,2022,5200,1000.0,5000.0,3000.0,2600.0,2000.0,2500.0
2022-03-30 02:00:00,wagholi,nigadi,Khadaki,1,3,30,3,2,2022,566,5200.0,1000.0,5000.0,3000.0,2600.0,2000.0
2022-03-30 23:00:00,wagholi,nigadi,Lohgaon Rd,1,3,30,3,23,2022,3000,566.0,5200.0,1000.0,5000.0,3000.0,2600.0
2022-03-31 03:00:00,wagholi,nigadi,Khadaki,1,4,31,3,3,2022,980,3000.0,566.0,5200.0,1000.0,5000.0,3000.0
2022-04-01 00:00:00,wagholi,nigadi,Lohgaon Rd,1,5,1,4,0,2022,3500,980.0,3000.0,566.0,5200.0,1000.0,5000.0
2022-04-01 04:00:00,wagholi,nigadi,Khadaki,1,5,1,4,4,2022,970,3500.0,980.0,3000.0,566.0,5200.0,1000.0
2022-04-02 01:00:00,wagholi,nigadi,Lohgaon Rd,1,6,2,4,1,2022,1200,970.0,3500.0,980.0,3000.0,566.0,5200.0
2022-04-02 05:00:00,wagholi,nigadi,Khadaki,1,6,2,4,5,2022,2000,1200.0,970.0,3500.0,980.0,3000.0,566.0
2022-04-03 02:00:00,wagholi,nigadi,Lohgaon Rd,1,7,3,4,2,2022,654,2000.0,1200.0,970.0,3500.0,980.0,3000.0
2022-04-03 06:00:00,wagholi,nigadi,Khadaki,1,7,3,4,6,2022,1500,654.0,2000.0,1200.0,970.0,3500.0,980.0
2022-04-04 03:00:00,wagholi,nigadi,Lohgaon Rd,1,1,4,4,3,2022,950,1500.0,654.0,2000.0,1200.0,970.0,3500.0
2022-04-04 07:00:00,wagholi,nigadi,Khadaki,1,1,4,4,7,2022,2000,950.0,1500.0,654.0,2000.0,1200.0,970.0
2022-04-05 04:00:00,wagholi,nigadi,Lohgaon Rd,1,2,5,4,4,2022,960,2000.0,950.0,1500.0,654.0,2000.0,1200.0
2022-04-05 08:00:00,wagholi,nigadi,Khadaki,1,2,5,4,8,2022,3000,960.0,2000.0,950.0,1500.0,654.0,2000.0
2022-04-06 05:00:00,wagholi,nigadi,Lohgaon Rd,1,3,6,4,5,2022,1000,3000.0,960.0,2000.0,950.0,1500.0,654.0
2022-04-06 09:00:00,wagholi,nigadi,Khadaki,1,3,6,4,9,2022,3500,1000.0,3000.0,960.0,2000.0,950.0,1500.0
2022-04-07 06:00:00,wagholi,nigadi,Lohgaon Rd,1,4,7,4,6,2022,2000,3500.0,1000.0,3000.0,960.0,2000.0,950.0
2022-04-07 10:00:00,wagholi,nigadi,Khadaki,1,4,7,4,10,2022,4500,2000.0,3500.0,1000.0,3000.0,960.0,2000.0
2022-04-08 07:00:00,wagholi,nigadi,Lohgaon Rd,1,5,8,4,7,2022,3000,4500.0,2000.0,3500.0,1000.0,3000.0,960.0
2022-04-08 11:00:00,wagholi,nigadi,Khadaki,1,5,8,4,11,2022,5000,3000.0,4500.0,2000.0,3500.0,1000.0,3000.0
2022-04-09 08:00:00,wagholi,nigadi,Lohgaon Rd,1,6,9,4,8,2022,2000,5000.0,3000.0,4500.0,2000.0,3500.0,1000.0
2022-04-09 12:00:00,wagholi,nigadi,Khadaki,1,6,9,4,12,2022,1000,2000.0,5000.0,3000.0,4500.0,2000.0,3500.0
2022-04-10 09:00:00,wagholi,nigadi,Lohgaon Rd,1,7,10,4,9,2022,5000,1000.0,2000.0,5000.0,3000.0,4500.0,2000.0
2022-04-10 13:00:00,wagholi,nigadi,Khadaki,1,7,10,4,13,2022,5506,5000.0,1000.0,2000.0,5000.0,3000.0,4500.0
2022-04-11 10:00:00,wagholi,nigadi,Lohgaon Rd,1,1,11,4,10,2022,5200,5506.0,5000.0,1000.0,2000.0,5000.0,3000.0
2022-04-11 14:00:00,wagholi,nigadi,Khadaki,1,1,11,4,14,2022,4000,5200.0,5506.0,5000.0,1000.0,2000.0,5000.0
2022-04-12 11:00:00,wagholi,nigadi,Lohgaon Rd,1,2,12,4,11,2022,5400,4000.0,5200.0,5506.0,5000.0,1000.0,2000.0
2022-04-12 15:00:00,wagholi,nigadi,Khadaki,1,2,12,4,15,2022,4500,5400.0,4000.0,5200.0,5506.0,5000.0,1000.0
2022-04-13 12:00:00,wagholi,nigadi,Lohgaon Rd,1,3,13,4,12,2022,4000,4500.0,5400.0,4000.0,5200.0,5506.0,5000.0
2022-04-13 16:00:00,wagholi,nigadi,Khadaki,1,3,13,4,16,2022,5000,4000.0,4500.0,5400.0,4000.0,5200.0,5506.0
2022-04-14 13:00:00,wagholi,nigadi,Lohgaon Rd,1,4,14,4,13,2022,5000,5000.0,4000.0,4500.0,5400.0,4000.0,5200.0
2022-04-14 17:00:00,wagholi,nigadi,Khadaki,1,4,14,4,17,2022,5508,5000.0,5000.0,4000.0,4500.0,5400.0,4000.0
2022-04-15 14:00:00,wagholi,nigadi,Lohgaon Rd,1,5,15,4,14,2022,2000,5508.0,5000.0,5000.0,4000.0,4500.0,5400.0
2022-04-15 18:00:00,wagholi,nigadi,Khadaki,1,5,15,4,18,2022,2000,2000.0,5508.0,5000.0,5000.0,4000.0,4500.0
2022-04-16 15:00:00,wagholi,nigadi,Lohgaon Rd,1,6,16,4,15,2022,2000,2000.0,2000.0,5508.0,5000.0,5000.0,4000.0
2022-04-16 19:00:00,wagholi,nigadi,Khadaki,1,6,16,4,19,2022,2000,2000.0,2000.0,2000.0,5508.0,5000.0,5000.0
2022-04-17 16:00:00,wagholi,nigadi,Lohgaon Rd,1,7,17,4,16,2022,2300,2000.0,2000.0,2000.0,2000.0,5508.0,5000.0
2022-04-17 20:00:00,wagholi,nigadi,Khadaki,1,7,17,4,20,2022,2300,2300.0,2000.0,2000.0,2000.0,2000.0,5508.0
2022-04-18 17:00:00,wagholi,nigadi,Lohgaon Rd,1,1,18,4,17,2022,4000,2300.0,2300.0,2000.0,2000.0,2000.0,2000.0
2022-04-18 21:00:00,wagholi,nigadi,Khadaki,1,1,18,4,21,2022,3000,4000.0,2300.0,2300.0,2000.0,2000.0,2000.0
2022-04-19 18:00:00,wagholi,nigadi,Lohgaon Rd,1,2,19,4,18,2022,4300,3000.0,4000.0,2300.0,2300.0,2000.0,2000.0
2022-04-19 22:00:00,wagholi,nigadi,Khadaki,1,2,19,4,22,2022,3500,4300.0,3000.0,4000.0,2300.0,2300.0,2000.0
2022-04-20 19:00:00,wagholi,nigadi,Lohgaon Rd,1,3,20,4,19,2022,4500,3500.0,4300.0,3000.0,4000.0,2300.0,2300.0
2022-04-20 23:00:00,wagholi,nigadi,Khadaki,1,3,20,4,23,2022,3000,4500.0,3500.0,4300.0,3000.0,4000.0,2300.0
2022-04-21 20:00:00,wagholi,nigadi,Lohgaon Rd,1,4,21,4,20,2022,4700,3000.0,4500.0,3500.0,4300.0,3000.0,4000.0
2022-04-22 00:00:00,wagholi,nigadi,Khadaki,1,5,22,4,0,2022,2800,4700.0,3000.0,4500.0,3500.0,4300.0,3000.0
2022-04-22 21:00:00,wagholi,nigadi,Lohgaon Rd,1,5,22,4,21,2022,5000,2800.0,4700.0,3000.0,4500.0,3500.0,4300.0
2022-04-23 01:00:00,wagholi,nigadi,Khadaki,1,6,23,4,1,2022,1000,5000.0,2800.0,4700.0,3000.0,4500.0,3500.0
2022-04-23 22:00:00,wagholi,nigadi,Lohgaon Rd,1,6,23,4,22,2022,2000,1000.0,5000.0,2800.0,4700.0,3000.0,4500.0
2022-04-24 02:00:00,wagholi,nigadi,Khadaki,1,7,24,4,2,2022,876,2000.0,1000.0,5000.0,2800.0,4700.0,3000.0
2022-04-24 23:00:00,wagholi,nigadi,Lohgaon Rd,1,7,24,4,23,2022,2500,876.0,2000.0,1000.0,5000.0,2800.0,4700.0
2022-04-25 03:00:00,wagholi,nigadi,Khadaki,1,1,25,4,3,2022,960,2500.0,876.0,2000.0,1000.0,5000.0,2800.0
2022-04-26 04:00:00,wagholi,nigadi,Khadaki,1,2,26,4,4,2022,970,960.0,2500.0,876.0,2000.0,1000.0,5000.0
2022-04-26 10:00:00,wagholi,nigadi,Lohgaon Rd,1,2,26,4,10,2022,5515,970.0,960.0,2500.0,876.0,2000.0,1000.0
2022-04-27 01:00:00,wagholi,nigadi,Lohgaon Rd,1,3,27,4,1,2022,899,5515.0,970.0,960.0,2500.0,876.0,2000.0
2022-04-27 05:00:00,wagholi,nigadi,Khadaki,1,3,27,4,5,2022,1000,899.0,5515.0,970.0,960.0,2500.0,876.0
2022-04-28 02:00:00,wagholi,nigadi,Lohgaon Rd,1,4,28,4,2,2022,876,1000.0,899.0,5515.0,970.0,960.0,2500.0
2022-04-28 06:00:00,wagholi,nigadi,Khadaki,1,4,28,4,6,2022,1200,876.0,1000.0,899.0,5515.0,970.0,960.0
2022-04-29 03:00:00,wagholi,nigadi,Lohgaon Rd,1,5,29,4,3,2022,709,1200.0,876.0,1000.0,899.0,5515.0,970.0
2022-04-29 07:00:00,wagholi,nigadi,Khadaki,1,5,29,4,7,2022,2000,709.0,1200.0,876.0,1000.0,899.0,5515.0
2022-04-30 04:00:00,wagholi,nigadi,Lohgaon Rd,1,6,30,4,4,2022,500,2000.0,709.0,1200.0,876.0,1000.0,899.0
2022-04-30 08:00:00,wagholi,nigadi,Khadaki,1,6,30,4,8,2022,789,500.0,2000.0,709.0,1200.0,876.0,1000.0
2022-05-01 05:00:00,wagholi,nigadi,Lohgaon Rd,1,7,1,5,5,2022,430,789.0,500.0,2000.0,709.0,1200.0,876.0
2022-05-01 09:00:00,wagholi,nigadi,Khadaki,1,7,1,5,9,2022,1200,430.0,789.0,500.0,2000.0,709.0,1200.0
2022-05-02 06:00:00,wagholi,nigadi,Lohgaon Rd,1,1,2,5,6,2022,1999,1200.0,430.0,789.0,500.0,2000.0,709.0
2022-05-02 10:00:00,wagholi,nigadi,Khadaki,1,1,2,5,10,2022,5567,1999.0,1200.0,430.0,789.0,500.0,2000.0
2022-05-03 07:00:00,wagholi,nigadi,Lohgaon Rd,1,2,3,5,7,2022,2000,5567.0,1999.0,1200.0,430.0,789.0,500.0
2022-05-03 11:00:00,wagholi,nigadi,Khadaki,1,2,3,5,11,2022,3008,2000.0,5567.0,1999.0,1200.0,430.0,789.0
2022-05-04 08:00:00,wagholi,nigadi,Lohgaon Rd,1,3,4,5,8,2022,3920,3008.0,2000.0,5567.0,1999.0,1200.0,430.0
2022-05-04 12:00:00,wagholi,nigadi,Khadaki,1,3,4,5,12,2022,5299,3920.0,3008.0,2000.0,5567.0,1999.0,1200.0
2022-05-05 09:00:00,wagholi,nigadi,Lohgaon Rd,1,4,5,5,9,2022,5514,5299.0,3920.0,3008.0,2000.0,5567.0,1999.0
2022-05-05 13:00:00,wagholi,nigadi,Khadaki,1,4,5,5,13,2022,4837,5514.0,5299.0,3920.0,3008.0,2000.0,5567.0
2022-05-06 10:00:00,wagholi,nigadi,Lohgaon Rd,1,5,6,5,10,2022,5516,4837.0,5514.0,5299.0,3920.0,3008.0,2000.0
2022-05-06 14:00:00,wagholi,nigadi,Khadaki,1,5,6,5,14,2022,4902,5516.0,4837.0,5514.0,5299.0,3920.0,3008.0
2022-05-07 11:00:00,wagholi,nigadi,Lohgaon Rd,1,6,7,5,11,2022,3000,4902.0,5516.0,4837.0,5514.0,5299.0,3920.0
2022-05-07 15:00:00,wagholi,nigadi,Khadaki,1,6,7,5,15,2022,3927,3000.0,4902.0,5516.0,4837.0,5514.0,5299.0
2022-05-08 12:00:00,wagholi,nigadi,Lohgaon Rd,1,7,8,5,12,2022,3120,3927.0,3000.0,4902.0,5516.0,4837.0,5514.0
2022-05-08 16:00:00,wagholi,nigadi,Khadaki,1,7,8,5,16,2022,3001,3120.0,3927.0,3000.0,4902.0,5516.0,4837.0
2022-05-09 13:00:00,wagholi,nigadi,Lohgaon Rd,1,1,9,5,13,2022,4335,3001.0,3120.0,3927.0,3000.0,4902.0,5516.0
2022-05-09 17:00:00,wagholi,nigadi,Khadaki,1,1,9,5,17,2022,4329,4335.0,3001.0,3120.0,3927.0,3000.0,4902.0
2022-05-10 14:00:00,wagholi,nigadi,Lohgaon Rd,1,2,10,5,14,2022,3879,4329.0,4335.0,3001.0,3120.0,3927.0,3000.0
2022-05-10 18:00:00,wagholi,nigadi,Khadaki,1,2,10,5,18,2022,5628,3879.0,4329.0,4335.0,3001.0,3120.0,3927.0
2022-05-11 15:00:00,wagholi,nigadi,Lohgaon Rd,1,3,11,5,15,2022,4999,5628.0,3879.0,4329.0,4335.0,3001.0,3120.0
2022-05-11 19:00:00,wagholi,nigadi,Khadaki,1,3,11,5,19,2022,5521,4999.0,5628.0,3879.0,4329.0,4335.0,3001.0
2022-05-12 16:00:00,wagholi,nigadi,Lohgaon Rd,1,4,12,5,16,2022,4152,5521.0,4999.0,5628.0,3879.0,4329.0,4335.0
2022-05-12 20:00:00,wagholi,nigadi,Khadaki,1,4,12,5,20,2022,5509,4152.0,5521.0,4999.0,5628.0,3879.0,4329.0
2022-05-13 17:00:00,wagholi,nigadi,Lohgaon Rd,1,5,13,5,17,2022,4993,5509.0,4152.0,5521.0,4999.0,5628.0,3879.0
2022-05-13 21:00:00,wagholi,nigadi,Khadaki,1,5,13,5,21,2022,5673,4993.0,5509.0,4152.0,5521.0,4999.0,5628.0
2022-05-14 18:00:00,wagholi,nigadi,Lohgaon Rd,1,6,14,5,18,2022,3124,5673.0,4993.0,5509.0,4152.0,5521.0,4999.0
2022-05-14 22:00:00,wagholi,nigadi,Khadaki,1,6,14,5,22,2022,3009,3124.0,5673.0,4993.0,5509.0,4152.0,5521.0
2022-05-15 12:00:00,wagholi,nigadi,Khadaki,1,7,15,5,12,2022,2987,3009.0,3124.0,5673.0,4993.0,5509.0,4152.0
2022-05-15 19:00:00,wagholi,nigadi,Lohgaon Rd,1,7,15,5,19,2022,2987,2987.0,3009.0,3124.0,5673.0,4993.0,5509.0
2022-05-16 10:00:00,wagholi,nigadi,Khadaki,1,1,16,5,10,2022,3009,2987.0,2987.0,3009.0,3124.0,5673.0,4993.0
2022-05-16 20:00:00,wagholi,nigadi,Lohgaon Rd,1,1,16,5,20,2022,2765,3009.0,2987.0,2987.0,3009.0,3124.0,5673.0
2022-05-17 10:00:00,wagholi,nigadi,Khadaki,1,2,17,5,10,2022,4536,2765.0,3009.0,2987.0,2987.0,3009.0,3124.0
2022-05-17 21:00:00,wagholi,nigadi,Lohgaon Rd,1,2,17,5,21,2022,5511,4536.0,2765.0,3009.0,2987.0,2987.0,3009.0
2022-05-18 01:00:00,wagholi,nigadi,Khadaki,1,3,18,5,1,2022,1000,5511.0,4536.0,2765.0,3009.0,2987.0,2987.0
2022-05-18 22:00:00,wagholi,nigadi,Lohgaon Rd,1,3,18,5,22,2022,5523,1000.0,5511.0,4536.0,2765.0,3009.0,2987.0
2022-05-19 02:00:00,wagholi,nigadi,Khadaki,1,4,19,5,2,2022,654,5523.0,1000.0,5511.0,4536.0,2765.0,3009.0
2022-05-19 23:00:00,wagholi,nigadi,Lohgaon Rd,1,4,19,5,23,2022,3450,654.0,5523.0,1000.0,5511.0,4536.0,2765.0
2022-05-20 03:00:00,wagholi,nigadi,Khadaki,1,5,20,5,3,2022,784,3450.0,654.0,5523.0,1000.0,5511.0,4536.0
2022-05-21 04:00:00,wagholi,nigadi,Khadaki,1,6,21,5,4,2022,948,784.0,3450.0,654.0,5523.0,1000.0,5511.0
2022-05-21 11:00:00,wagholi,nigadi,Lohgaon Rd,1,6,21,5,11,2022,2987,948.0,784.0,3450.0,654.0,5523.0,1000.0
2022-05-22 01:00:00,wagholi,nigadi,Lohgaon Rd,1,7,22,5,1,2022,789,2987.0,948.0,784.0,3450.0,654.0,5523.0
2022-05-22 05:00:00,wagholi,nigadi,Khadaki,1,7,22,5,5,2022,1243,789.0,2987.0,948.0,784.0,3450.0,654.0
2022-05-23 02:00:00,wagholi,nigadi,Lohgaon Rd,1,1,23,5,2,2022,802,1243.0,789.0,2987.0,948.0,784.0,3450.0
2022-05-23 06:00:00,wagholi,nigadi,Khadaki,1,1,23,5,6,2022,1212,802.0,1243.0,789.0,2987.0,948.0,784.0
2022-05-24 03:00:00,wagholi,nigadi,Lohgaon Rd,1,2,24,5,3,2022,982,1212.0,802.0,1243.0,789.0,2987.0,948.0
2022-05-24 07:00:00,wagholi,nigadi,Khadaki,1,2,24,5,7,2022,2344,982.0,1212.0,802.0,1243.0,789.0,2987.0
2022-05-25 04:00:00,wagholi,nigadi,Lohgaon Rd,1,3,25,5,4,2022,1001,2344.0,982.0,1212.0,802.0,1243.0,789.0
2022-05-25 08:00:00,wagholi,nigadi,Khadaki,1,3,25,5,8,2022,3211,1001.0,2344.0,982.0,1212.0,802.0,1243.0
2022-05-26 05:00:00,wagholi,nigadi,Lohgaon Rd,1,4,26,5,5,2022,992,3211.0,1001.0,2344.0,982.0,1212.0,802.0
2022-05-26 09:00:00,wagholi,nigadi,Khadaki,1,4,26,5,9,2022,4353,992.0,3211.0,1001.0,2344.0,982.0,1212.0
2022-05-27 06:00:00,wagholi,nigadi,Lohgaon Rd,1,5,27,5,6,2022,2011,4353.0,992.0,3211.0,1001.0,2344.0,982.0
2022-05-27 10:00:00,wagholi,nigadi,Khadaki,1,5,27,5,10,2022,3467,2011.0,4353.0,992.0,3211.0,1001.0,2344.0
2022-05-28 07:00:00,wagholi,nigadi,Lohgaon Rd,1,6,28,5,7,2022,1999,3467.0,2011.0,4353.0,992.0,3211.0,1001.0
2022-05-28 11:00:00,wagholi,nigadi,Khadaki,1,6,28,5,11,2022,2134,1999.0,3467.0,2011.0,4353.0,992.0,3211.0
2022-05-29 08:00:00,wagholi,nigadi,Lohgaon Rd,1,7,29,5,8,2022,3982,2134.0,1999.0,3467.0,2011.0,4353.0,992.0
2022-05-29 12:00:00,wagholi,nigadi,Khadaki,1,7,29,5,12,2022,1787,3982.0,2134.0,1999.0,3467.0,2011.0,4353.0
2022-05-30 09:00:00,wagholi,nigadi,Lohgaon Rd,1,1,30,5,9,2022,5593,1787.0,3982.0,2134.0,1999.0,3467.0,2011.0
2022-05-30 13:00:00,wagholi,nigadi,Khadaki,1,1,30,5,13,2022,2977,5593.0,1787.0,3982.0,2134.0,1999.0,3467.0
2022-05-31 10:00:00,wagholi,nigadi,Lohgaon Rd,1,2,31,5,10,2022,5517,2977.0,5593.0,1787.0,3982.0,2134.0,1999.0
2022-05-31 14:00:00,wagholi,nigadi,Khadaki,1,2,31,5,14,2022,2658,5517.0,2977.0,5593.0,1787.0,3982.0,2134.0
2022-06-01 11:00:00,wagholi,nigadi,Lohgaon Rd,1,3,1,6,11,2022,5993,2658.0,5517.0,2977.0,5593.0,1787.0,3982.0
2022-06-01 15:00:00,wagholi,nigadi,Khadaki,1,3,1,6,15,2022,2569,5993.0,2658.0,5517.0,2977.0,5593.0,1787.0
2022-06-02 12:00:00,wagholi,nigadi,Lohgaon Rd,1,4,2,6,12,2022,5281,2569.0,5993.0,2658.0,5517.0,2977.0,5593.0
2022-06-02 16:00:00,wagholi,nigadi,Khadaki,1,4,2,6,16,2022,3765,5281.0,2569.0,5993.0,2658.0,5517.0,2977.0
2022-06-03 13:00:00,wagholi,nigadi,Lohgaon Rd,1,5,3,6,13,2022,4345,3765.0,5281.0,2569.0,5993.0,2658.0,5517.0
2022-06-03 17:00:00,wagholi,nigadi,Khadaki,1,5,3,6,17,2022,4172,4345.0,3765.0,5281.0,2569.0,5993.0,2658.0
2022-06-04 14:00:00,wagholi,nigadi,Lohgaon Rd,1,6,4,6,14,2022,3422,4172.0,4345.0,3765.0,5281.0,2569.0,5993.0
2022-06-04 18:00:00,wagholi,nigadi,Khadaki,1,6,4,6,18,2022,4382,3422.0,4172.0,4345.0,3765.0,5281.0,2569.0
2022-06-05 15:00:00,wagholi,nigadi,Lohgaon Rd,1,7,5,6,15,2022,2988,4382.0,3422.0,4172.0,4345.0,3765.0,5281.0
2022-06-05 19:00:00,wagholi,nigadi,Khadaki,1,7,5,6,19,2022,4277,2988.0,4382.0,3422.0,4172.0,4345.0,3765.0
2022-06-06 16:00:00,wagholi,nigadi,Lohgaon Rd,1,1,6,6,16,2022,4222,4277.0,2988.0,4382.0,3422.0,4172.0,4345.0
2022-06-06 20:00:00,wagholi,nigadi,Khadaki,1,1,6,6,20,2022,4573,4222.0,4277.0,2988.0,4382.0,3422.0,4172.0
2022-06-07 17:00:00,wagholi,nigadi,Lohgaon Rd,1,2,7,6,17,2022,4999,4573.0,4222.0,4277.0,2988.0,4382.0,3422.0
2022-06-07 21:00:00,wagholi,nigadi,Khadaki,1,2,7,6,21,2022,4827,4999.0,4573.0,4222.0,4277.0,2988.0,4382.0
2022-06-08 18:00:00,wagholi,nigadi,Lohgaon Rd,1,3,8,6,18,2022,5392,4827.0,4999.0,4573.0,4222.0,4277.0,2988.0
2022-06-08 22:00:00,wagholi,nigadi,Khadaki,1,3,8,6,22,2022,3758,5392.0,4827.0,4999.0,4573.0,4222.0,4277.0
2022-06-09 19:00:00,wagholi,nigadi,Lohgaon Rd,1,4,9,6,19,2022,5512,3758.0,5392.0,4827.0,4999.0,4573.0,4222.0
2022-06-09 23:00:00,wagholi,nigadi,Khadaki,1,4,9,6,23,2022,3526,5512.0,3758.0,5392.0,4827.0,4999.0,4573.0
2022-06-10 20:00:00,wagholi,nigadi,Lohgaon Rd,1,5,10,6,20,2022,5520,3526.0,5512.0,3758.0,5392.0,4827.0,4999.0
2022-06-11 00:00:00,wagholi,nigadi,Khadaki,1,6,11,6,0,2022,2643,5520.0,3526.0,5512.0,3758.0,5392.0,4827.0
2022-06-11 21:00:00,wagholi,nigadi,Lohgaon Rd,1,6,11,6,21,2022,3455,2643.0,5520.0,3526.0,5512.0,3758.0,5392.0
2022-06-12 01:00:00,wagholi,nigadi,Khadaki,1,7,12,6,1,2022,1748,3455.0,2643.0,5520.0,3526.0,5512.0,3758.0
2022-06-12 22:00:00,wagholi,nigadi,Lohgaon Rd,1,7,12,6,22,2022,4012,1748.0,3455.0,2643.0,5520.0,3526.0,5512.0
2022-06-13 02:00:00,wagholi,nigadi,Khadaki,1,1,13,6,2,2022,977,4012.0,1748.0,3455.0,2643.0,5520.0,3526.0
2022-06-13 23:00:00,wagholi,nigadi,Lohgaon Rd,1,1,13,6,23,2022,2987,977.0,4012.0,1748.0,3455.0,2643.0,5520.0
2022-06-14 03:00:00,wagholi,nigadi,Khadaki,1,2,14,6,3,2022,989,2987.0,977.0,4012.0,1748.0,3455.0,2643.0
2022-06-15 04:00:00,wagholi,nigadi,Khadaki,1,3,15,6,4,2022,957,989.0,2987.0,977.0,4012.0,1748.0,3455.0
2022-06-15 10:00:00,wagholi,nigadi,Lohgaon Rd,1,3,15,6,10,2022,5789,957.0,989.0,2987.0,977.0,4012.0,1748.0
2022-06-16 01:00:00,wagholi,nigadi,Lohgaon Rd,1,4,16,6,1,2022,1034,5789.0,957.0,989.0,2987.0,977.0,4012.0
2022-06-16 05:00:00,wagholi,nigadi,Khadaki,1,4,16,6,5,2022,985,1034.0,5789.0,957.0,989.0,2987.0,977.0
2022-06-17 02:00:00,wagholi,nigadi,Lohgaon Rd,1,5,17,6,2,2022,876,985.0,1034.0,5789.0,957.0,989.0,2987.0
2022-06-17 06:00:00,wagholi,nigadi,Khadaki,1,5,17,6,6,2022,1754,876.0,985.0,1034.0,5789.0,957.0,989.0
2022-06-18 03:00:00,wagholi,nigadi,Lohgaon Rd,1,6,18,6,3,2022,987,1754.0,876.0,985.0,1034.0,5789.0,957.0
2022-06-18 07:00:00,wagholi,nigadi,Khadaki,1,6,18,6,7,2022,1340,987.0,1754.0,876.0,985.0,1034.0,5789.0
2022-06-19 04:00:00,wagholi,nigadi,Lohgaon Rd,1,7,19,6,4,2022,890,1340.0,987.0,1754.0,876.0,985.0,1034.0
2022-06-19 08:00:00,wagholi,nigadi,Khadaki,1,7,19,6,8,2022,1321,890.0,1340.0,987.0,1754.0,876.0,985.0
2022-06-20 05:00:00,wagholi,nigadi,Lohgaon Rd,1,1,20,6,5,2022,1394,1321.0,890.0,1340.0,987.0,1754.0,876.0
2022-06-20 09:00:00,wagholi,nigadi,Khadaki,1,1,20,6,9,2022,4738,1394.0,1321.0,890.0,1340.0,987.0,1754.0
2022-06-21 06:00:00,wagholi,nigadi,Lohgaon Rd,1,2,21,6,6,2022,2345,4738.0,1394.0,1321.0,890.0,1340.0,987.0
2022-06-21 10:00:00,wagholi,nigadi,Khadaki,1,2,21,6,10,2022,3859,2345.0,4738.0,1394.0,1321.0,890.0,1340.0
2022-06-22 07:00:00,wagholi,nigadi,Lohgaon Rd,1,3,22,6,7,2022,3456,3859.0,2345.0,4738.0,1394.0,1321.0,890.0
2022-06-22 11:00:00,wagholi,nigadi,Khadaki,1,3,22,6,11,2022,2354,3456.0,3859.0,2345.0,4738.0,1394.0,1321.0
2022-06-23 08:00:00,wagholi,nigadi,Lohgaon Rd,1,4,23,6,8,2022,4087,2354.0,3456.0,3859.0,2345.0,4738.0,1394.0
2022-06-23 12:00:00,wagholi,nigadi,Khadaki,1,4,23,6,12,2022,2543,4087.0,2354.0,3456.0,3859.0,2345.0,4738.0
2022-06-24 09:00:00,wagholi,nigadi,Lohgaon Rd,1,5,24,6,9,2022,5524,2543.0,4087.0,2354.0,3456.0,3859.0,2345.0
2022-06-24 13:00:00,wagholi,nigadi,Khadaki,1,5,24,6,13,2022,3454,5524.0,2543.0,4087.0,2354.0,3456.0,3859.0
2022-06-25 10:00:00,wagholi,nigadi,Lohgaon Rd,1,6,25,6,10,2022,3009,3454.0,5524.0,2543.0,4087.0,2354.0,3456.0
2022-06-25 14:00:00,wagholi,nigadi,Khadaki,1,6,25,6,14,2022,3574,3009.0,3454.0,5524.0,2543.0,4087.0,2354.0
2022-06-26 11:00:00,wagholi,nigadi,Lohgaon Rd,1,7,26,6,11,2022,2987,3574.0,3009.0,3454.0,5524.0,2543.0,4087.0
2022-06-26 15:00:00,wagholi,nigadi,Khadaki,1,7,26,6,15,2022,3999,2987.0,3574.0,3009.0,3454.0,5524.0,2543.0
2022-06-27 12:00:00,wagholi,nigadi,Lohgaon Rd,1,1,27,6,12,2022,4345,3999.0,2987.0,3574.0,3009.0,3454.0,5524.0
2022-06-27 16:00:00,wagholi,nigadi,Khadaki,1,1,27,6,16,2022,3567,4345.0,3999.0,2987.0,3574.0,3009.0,3454.0
2022-06-28 13:00:00,wagholi,nigadi,Lohgaon Rd,1,2,28,6,13,2022,4112,3567.0,4345.0,3999.0,2987.0,3574.0,3009.0
2022-06-28 17:00:00,wagholi,nigadi,Khadaki,1,2,28,6,17,2022,4869,4112.0,3567.0,4345.0,3999.0,2987.0,3574.0
2022-06-29 14:00:00,wagholi,nigadi,Lohgaon Rd,1,3,29,6,14,2022,4876,4869.0,4112.0,3567.0,4345.0,3999.0,2987.0
2022-06-29 18:00:00,wagholi,nigadi,Khadaki,1,3,29,6,18,2022,4876,4876.0,4869.0,4112.0,3567.0,4345.0,3999.0
2022-06-30 15:00:00,wagholi,nigadi,Lohgaon Rd,1,4,30,6,15,2022,5111,4876.0,4876.0,4869.0,4112.0,3567.0,4345.0
2022-06-30 19:00:00,wagholi,nigadi,Khadaki,1,4,30,6,19,2022,4257,5111.0,4876.0,4876.0,4869.0,4112.0,3567.0
2022-07-01 16:00:00,wagholi,nigadi,Lohgaon Rd,1,5,1,7,16,2022,4999,4257.0,5111.0,4876.0,4876.0,4869.0,4112.0
2022-07-01 20:00:00,wagholi,nigadi,Khadaki,1,5,1,7,20,2022,4570,4999.0,4257.0,5111.0,4876.0,4876.0,4869.0
2022-07-02 17:00:00,wagholi,nigadi,Lohgaon Rd,1,6,2,7,17,2022,3453,4570.0,4999.0,4257.0,5111.0,4876.0,4876.0
2022-07-02 21:00:00,wagholi,nigadi,Khadaki,1,6,2,7,21,2022,3568,3453.0,4570.0,4999.0,4257.0,5111.0,4876.0
2022-07-03 18:00:00,wagholi,nigadi,Lohgaon Rd,1,7,3,7,18,2022,3421,3568.0,3453.0,4570.0,4999.0,4257.0,5111.0
2022-07-03 22:00:00,wagholi,nigadi,Khadaki,1,7,3,7,22,2022,3465,3421.0,3568.0,3453.0,4570.0,4999.0,4257.0
2022-07-04 19:00:00,wagholi,nigadi,Lohgaon Rd,1,1,4,7,19,2022,5678,3465.0,3421.0,3568.0,3453.0,4570.0,4999.0
2022-07-04 23:00:00,wagholi,nigadi,Khadaki,1,1,4,7,23,2022,2567,5678.0,3465.0,3421.0,3568.0,3453.0,4570.0
2022-07-05 20:00:00,wagholi,nigadi,Lohgaon Rd,1,2,5,7,20,2022,5525,2567.0,5678.0,3465.0,3421.0,3568.0,3453.0
2022-07-06 00:00:00,wagholi,nigadi,Khadaki,1,3,6,7,0,2022,1765,5525.0,2567.0,5678.0,3465.0,3421.0,3568.0
2022-07-06 21:00:00,wagholi,nigadi,Lohgaon Rd,1,3,6,7,21,2022,5983,1765.0,5525.0,2567.0,5678.0,3465.0,3421.0
2022-07-07 01:00:00,wagholi,nigadi,Khadaki,1,4,7,7,1,2022,999,5983.0,1765.0,5525.0,2567.0,5678.0,3465.0
2022-07-07 22:00:00,wagholi,nigadi,Lohgaon Rd,1,4,7,7,22,2022,5678,999.0,5983.0,1765.0,5525.0,2567.0,5678.0
2022-07-08 02:00:00,wagholi,nigadi,Khadaki,1,5,8,7,2,2022,989,5678.0,999.0,5983.0,1765.0,5525.0,2567.0
2022-07-08 23:00:00,wagholi,nigadi,Lohgaon Rd,1,5,8,7,23,2022,4099,989.0,5678.0,999.0,5983.0,1765.0,5525.0
2022-07-09 03:00:00,wagholi,nigadi,Khadaki,1,6,9,7,3,2022,978,4099.0,989.0,5678.0,999.0,5983.0,1765.0
2022-07-10 04:00:00,wagholi,nigadi,Khadaki,1,7,10,7,4,2022,1000,978.0,4099.0,989.0,5678.0,999.0,5983.0
2022-07-10 12:00:00,wagholi,nigadi,Lohgaon Rd,1,7,10,7,12,2022,3099,1000.0,978.0,4099.0,989.0,5678.0,999.0
2022-07-11 01:00:00,wagholi,nigadi,Lohgaon Rd,1,1,11,7,1,2022,1023,3099.0,1000.0,978.0,4099.0,989.0,5678.0
2022-07-11 05:00:00,wagholi,nigadi,Khadaki,1,1,11,7,5,2022,1542,1023.0,3099.0,1000.0,978.0,4099.0,989.0
2022-07-12 02:00:00,wagholi,nigadi,Lohgaon Rd,1,2,12,7,2,2022,866,1542.0,1023.0,3099.0,1000.0,978.0,4099.0
2022-07-12 06:00:00,wagholi,nigadi,Khadaki,1,2,12,7,6,2022,1654,866.0,1542.0,1023.0,3099.0,1000.0,978.0
2022-07-13 03:00:00,wagholi,nigadi,Lohgaon Rd,1,3,13,7,3,2022,982,1654.0,866.0,1542.0,1023.0,3099.0,1000.0
2022-07-13 07:00:00,wagholi,nigadi,Khadaki,1,3,13,7,7,2022,2768,982.0,1654.0,866.0,1542.0,1023.0,3099.0
2022-07-14 04:00:00,wagholi,nigadi,Lohgaon Rd,1,4,14,7,4,2022,899,2768.0,982.0,1654.0,866.0,1542.0,1023.0
2022-07-14 08:00:00,wagholi,nigadi,Khadaki,1,4,14,7,8,2022,3876,899.0,2768.0,982.0,1654.0,866.0,1542.0
2022-07-15 05:00:00,wagholi,nigadi,Lohgaon Rd,1,5,15,7,5,2022,908,3876.0,899.0,2768.0,982.0,1654.0,866.0
2022-07-15 09:00:00,wagholi,nigadi,Khadaki,1,5,15,7,9,2022,4657,908.0,3876.0,899.0,2768.0,982.0,1654.0
2022-07-16 06:00:00,wagholi,nigadi,Lohgaon Rd,1,6,16,7,6,2022,922,4657.0,908.0,3876.0,899.0,2768.0,982.0
2022-07-16 10:00:00,wagholi,nigadi,Khadaki,1,6,16,7,10,2022,2121,922.0,4657.0,908.0,3876.0,899.0,2768.0
2022-07-17 07:00:00,wagholi,nigadi,Lohgaon Rd,1,7,17,7,7,2022,1000,2121.0,922.0,4657.0,908.0,3876.0,899.0
2022-07-17 11:00:00,wagholi,nigadi,Khadaki,1,7,17,7,11,2022,2000,1000.0,2121.0,922.0,4657.0,908.0,3876.0
2022-07-18 08:00:00,wagholi,nigadi,Lohgaon Rd,1,1,18,7,8,2022,3456,2000.0,1000.0,2121.0,922.0,4657.0,908.0
2022-07-18 12:00:00,wagholi,nigadi,Khadaki,1,1,18,7,12,2022,2544,3456.0,2000.0,1000.0,2121.0,922.0,4657.0
2022-07-19 09:00:00,wagholi,nigadi,Lohgaon Rd,1,2,19,7,9,2022,5678,2544.0,3456.0,2000.0,1000.0,2121.0,922.0
2022-07-19 13:00:00,wagholi,nigadi,Khadaki,1,2,19,7,13,2022,2654,5678.0,2544.0,3456.0,2000.0,1000.0,2121.0
2022-07-20 10:00:00,wagholi,nigadi,Lohgaon Rd,1,3,20,7,10,2022,5500,2654.0,5678.0,2544.0,3456.0,2000.0,1000.0
2022-07-20 14:00:00,wagholi,nigadi,Khadaki,1,3,20,7,14,2022,2654,5500.0,2654.0,5678.0,2544.0,3456.0,2000.0
2022-07-21 11:00:00,wagholi,nigadi,Lohgaon Rd,1,4,21,7,11,2022,5321,2654.0,5500.0,2654.0,5678.0,2544.0,3456.0
2022-07-21 15:00:00,wagholi,nigadi,Khadaki,1,4,21,7,15,2022,3655,5321.0,2654.0,5500.0,2654.0,5678.0,2544.0
2022-07-22 12:00:00,wagholi,nigadi,Lohgaon Rd,1,5,22,7,12,2022,4567,3655.0,5321.0,2654.0,5500.0,2654.0,5678.0
2022-07-22 16:00:00,wagholi,nigadi,Khadaki,1,5,22,7,16,2022,4365,4567.0,3655.0,5321.0,2654.0,5500.0,2654.0
2022-07-23 13:00:00,wagholi,nigadi,Lohgaon Rd,1,6,23,7,13,2022,3002,4365.0,4567.0,3655.0,5321.0,2654.0,5500.0
2022-07-23 17:00:00,wagholi,nigadi,Khadaki,1,6,23,7,17,2022,4876,3002.0,4365.0,4567.0,3655.0,5321.0,2654.0
2022-07-24 14:00:00,wagholi,nigadi,Lohgaon Rd,1,7,24,7,14,2022,2344,4876.0,3002.0,4365.0,4567.0,3655.0,5321.0
2022-07-24 18:00:00,wagholi,nigadi,Khadaki,1,7,24,7,18,2022,4567,2344.0,4876.0,3002.0,4365.0,4567.0,3655.0
2022-07-25 15:00:00,wagholi,nigadi,Lohgaon Rd,1,1,25,7,15,2022,4321,4567.0,2344.0,4876.0,3002.0,4365.0,4567.0
2022-07-25 19:00:00,wagholi,nigadi,Khadaki,1,1,25,7,19,2022,4654,4321.0,4567.0,2344.0,4876.0,3002.0,4365.0
2022-07-26 16:00:00,wagholi,nigadi,Lohgaon Rd,1,2,26,7,16,2022,3488,4654.0,4321.0,4567.0,2344.0,4876.0,3002.0
2022-07-26 20:00:00,wagholi,nigadi,Khadaki,1,2,26,7,20,2022,3865,3488.0,4654.0,4321.0,4567.0,2344.0,4876.0
2022-07-27 17:00:00,wagholi,nigadi,Lohgaon Rd,1,3,27,7,17,2022,4500,3865.0,3488.0,4654.0,4321.0,4567.0,2344.0
2022-07-27 21:00:00,wagholi,nigadi,Khadaki,1,3,27,7,21,2022,3546,4500.0,3865.0,3488.0,4654.0,4321.0,4567.0
2022-07-28 18:00:00,wagholi,nigadi,Lohgaon Rd,1,4,28,7,18,2022,5000,3546.0,4500.0,3865.0,3488.0,4654.0,4321.0
2022-07-28 22:00:00,wagholi,nigadi,Khadaki,1,4,28,7,22,2022,2935,5000.0,3546.0,4500.0,3865.0,3488.0,4654.0
2022-07-29 19:00:00,wagholi,nigadi,Lohgaon Rd,1,5,29,7,19,2022,5210,2935.0,5000.0,3546.0,4500.0,3865.0,3488.0
2022-07-29 23:00:00,wagholi,nigadi,Khadaki,1,5,29,7,23,2022,2788,5210.0,2935.0,5000.0,3546.0,4500.0,3865.0
2022-07-30 20:00:00,wagholi,nigadi,Lohgaon Rd,1,6,30,7,20,2022,3400,2788.0,5210.0,2935.0,5000.0,3546.0,4500.0
2022-07-31 00:00:00,wagholi,nigadi,Khadaki,1,7,31,7,0,2022,1650,3400.0,2788.0,5210.0,2935.0,5000.0,3546.0
2022-07-31 21:00:00,wagholi,nigadi,Lohgaon Rd,1,7,31,7,21,2022,3489,1650.0,3400.0,2788.0,5210.0,2935.0,5000.0
2022-08-01 01:00:00,wagholi,nigadi,Khadaki,1,1,1,8,1,2022,1200,3489.0,1650.0,3400.0,2788.0,5210.0,2935.0
2022-08-01 12:00:00,wagholi,nigadi,Lohgaon Rd,1,1,1,8,12,2022,3400,1200.0,3489.0,1650.0,3400.0,2788.0,5210.0
2022-08-02 02:00:00,wagholi,nigadi,Khadaki,1,2,2,8,2,2022,923,3400.0,1200.0,3489.0,1650.0,3400.0,2788.0
2022-08-02 13:00:00,wagholi,nigadi,Lohgaon Rd,1,2,2,8,13,2022,4588,923.0,3400.0,1200.0,3489.0,1650.0,3400.0
2022-08-03 03:00:00,wagholi,nigadi,Khadaki,1,3,3,8,3,2022,876,4588.0,923.0,3400.0,1200.0,3489.0,1650.0
2022-08-04 04:00:00,wagholi,nigadi,Khadaki,1,4,4,8,4,2022,876,876.0,4588.0,923.0,3400.0,1200.0,3489.0
2022-08-04 15:00:00,wagholi,nigadi,Lohgaon Rd,1,4,4,8,15,2022,5400,876.0,876.0,4588.0,923.0,3400.0,1200.0
2022-08-05 01:00:00,wagholi,nigadi,Lohgaon Rd,1,5,5,8,1,2022,1000,5400.0,876.0,876.0,4588.0,923.0,3400.0
2022-08-05 05:00:00,wagholi,nigadi,Khadaki,1,5,5,8,5,2022,976,1000.0,5400.0,876.0,876.0,4588.0,923.0
2022-08-06 02:00:00,wagholi,nigadi,Lohgaon Rd,1,6,6,8,2,2022,900,976.0,1000.0,5400.0,876.0,876.0,4588.0
2022-08-06 06:00:00,wagholi,nigadi,Khadaki,1,6,6,8,6,2022,999,900.0,976.0,1000.0,5400.0,876.0,876.0
2022-08-07 03:00:00,wagholi,nigadi,Lohgaon Rd,1,7,7,8,3,2022,987,999.0,900.0,976.0,1000.0,5400.0,876.0
2022-08-07 07:00:00,wagholi,nigadi,Khadaki,1,7,7,8,7,2022,1265,987.0,999.0,900.0,976.0,1000.0,5400.0
2022-08-08 04:00:00,wagholi,nigadi,Lohgaon Rd,1,1,8,8,4,2022,990,1265.0,987.0,999.0,900.0,976.0,1000.0
2022-08-08 08:00:00,wagholi,nigadi,Khadaki,1,1,8,8,8,2022,3324,990.0,1265.0,987.0,999.0,900.0,976.0
2022-08-09 05:00:00,wagholi,nigadi,Lohgaon Rd,1,2,9,8,5,2022,2000,3324.0,990.0,1265.0,987.0,999.0,900.0
2022-08-09 09:00:00,wagholi,nigadi,Khadaki,1,2,9,8,9,2022,4567,2000.0,3324.0,990.0,1265.0,987.0,999.0
2022-08-10 06:00:00,wagholi,nigadi,Lohgaon Rd,1,3,10,8,6,2022,2100,4567.0,2000.0,3324.0,990.0,1265.0,987.0
2022-08-10 10:00:00,wagholi,nigadi,Khadaki,1,3,10,8,10,2022,4325,2100.0,4567.0,2000.0,3324.0,990.0,1265.0
2022-08-11 07:00:00,wagholi,nigadi,Lohgaon Rd,1,4,11,8,7,2022,3000,4325.0,2100.0,4567.0,2000.0,3324.0,990.0
2022-08-11 11:00:00,wagholi,nigadi,Khadaki,1,4,11,8,11,2022,3544,3000.0,4325.0,2100.0,4567.0,2000.0,3324.0
2022-08-12 08:00:00,wagholi,nigadi,Lohgaon Rd,1,5,12,8,8,2022,4000,3544.0,3000.0,4325.0,2100.0,4567.0,2000.0
2022-08-12 12:00:00,wagholi,nigadi,Khadaki,1,5,12,8,12,2022,2456,4000.0,3544.0,3000.0,4325.0,2100.0,4567.0
2022-08-13 09:00:00,wagholi,nigadi,Lohgaon Rd,1,6,13,8,9,2022,1500,2456.0,4000.0,3544.0,3000.0,4325.0,2100.0
2022-08-13 13:00:00,wagholi,nigadi,Khadaki,1,6,13,8,13,2022,2343,1500.0,2456.0,4000.0,3544.0,3000.0,4325.0
2022-08-14 10:00:00,wagholi,nigadi,Lohgaon Rd,1,7,14,8,10,2022,2500,2343.0,1500.0,2456.0,4000.0,3544.0,3000.0
2022-08-14 14:00:00,wagholi,nigadi,Khadaki,1,7,14,8,14,2022,3333,2500.0,2343.0,1500.0,2456.0,4000.0,3544.0
2022-08-15 11:00:00,wagholi,nigadi,Lohgaon Rd,1,1,15,8,11,2022,5400,3333.0,2500.0,2343.0,1500.0,2456.0,4000.0
2022-08-15 15:00:00,wagholi,nigadi,Khadaki,1,1,15,8,15,2022,3897,5400.0,3333.0,2500.0,2343.0,1500.0,2456.0
2022-08-16 12:00:00,wagholi,nigadi,Lohgaon Rd,1,2,16,8,12,2022,2000,3897.0,5400.0,3333.0,2500.0,2343.0,1500.0
2022-08-16 16:00:00,wagholi,nigadi,Khadaki,1,2,16,8,16,2022,4377,2000.0,3897.0,5400.0,3333.0,2500.0,2343.0
2022-08-17 13:00:00,wagholi,nigadi,Lohgaon Rd,1,3,17,8,13,2022,4000,4377.0,2000.0,3897.0,5400.0,3333.0,2500.0
2022-08-17 17:00:00,wagholi,nigadi,Khadaki,1,3,17,8,17,2022,4657,4000.0,4377.0,2000.0,3897.0,5400.0,3333.0
2022-08-18 14:00:00,wagholi,nigadi,Lohgaon Rd,1,4,18,8,14,2022,4500,4657.0,4000.0,4377.0,2000.0,3897.0,5400.0
2022-08-18 18:00:00,wagholi,nigadi,Khadaki,1,4,18,8,18,2022,4637,4500.0,4657.0,4000.0,4377.0,2000.0,3897.0
2022-08-19 15:00:00,wagholi,nigadi,Lohgaon Rd,1,5,19,8,15,2022,5000,4637.0,4500.0,4657.0,4000.0,4377.0,2000.0
2022-08-19 19:00:00,wagholi,nigadi,Khadaki,1,5,19,8,19,2022,3999,5000.0,4637.0,4500.0,4657.0,4000.0,4377.0
2022-08-20 16:00:00,wagholi,nigadi,Lohgaon Rd,1,6,20,8,16,2022,3000,3999.0,5000.0,4637.0,4500.0,4657.0,4000.0
2022-08-20 20:00:00,wagholi,nigadi,Khadaki,1,6,20,8,20,2022,3857,3000.0,3999.0,5000.0,4637.0,4500.0,4657.0
2022-08-21 17:00:00,wagholi,nigadi,Lohgaon Rd,1,7,21,8,17,2022,3500,3857.0,3000.0,3999.0,5000.0,4637.0,4500.0
2022-08-21 21:00:00,wagholi,nigadi,Khadaki,1,7,21,8,21,2022,3256,3500.0,3857.0,3000.0,3999.0,5000.0,4637.0
2022-08-22 18:00:00,wagholi,nigadi,Lohgaon Rd,1,1,22,8,18,2022,4000,3256.0,3500.0,3857.0,3000.0,3999.0,5000.0
2022-08-22 22:00:00,wagholi,nigadi,Khadaki,1,1,22,8,22,2022,3234,4000.0,3256.0,3500.0,3857.0,3000.0,3999.0
2022-08-23 19:00:00,wagholi,nigadi,Lohgaon Rd,1,2,23,8,19,2022,4500,3234.0,4000.0,3256.0,3500.0,3857.0,3000.0
2022-08-23 23:00:00,wagholi,nigadi,Khadaki,1,2,23,8,23,2022,2453,4500.0,3234.0,4000.0,3256.0,3500.0,3857.0
2022-08-24 20:00:00,wagholi,nigadi,Lohgaon Rd,1,3,24,8,20,2022,4700,2453.0,4500.0,3234.0,4000.0,3256.0,3500.0
2022-08-25 00:00:00,wagholi,nigadi,Khadaki,1,4,25,8,0,2022,1953,4700.0,2453.0,4500.0,3234.0,4000.0,3256.0
2022-08-25 21:00:00,wagholi,nigadi,Lohgaon Rd,1,4,25,8,21,2022,4800,1953.0,4700.0,2453.0,4500.0,3234.0,4000.0
2022-08-26 01:00:00,wagholi,nigadi,Khadaki,1,5,26,8,1,2022,1674,4800.0,1953.0,4700.0,2453.0,4500.0,3234.0
2022-08-26 22:00:00,wagholi,nigadi,Lohgaon Rd,1,5,26,8,22,2022,5000,1674.0,4800.0,1953.0,4700.0,2453.0,4500.0
2022-08-27 02:00:00,wagholi,nigadi,Khadaki,1,6,27,8,2,2022,956,5000.0,1674.0,4800.0,1953.0,4700.0,2453.0
2022-08-27 23:00:00,wagholi,nigadi,Lohgaon Rd,1,6,27,8,23,2022,5400,956.0,5000.0,1674.0,4800.0,1953.0,4700.0
2022-08-28 03:00:00,wagholi,nigadi,Khadaki,1,7,28,8,3,2022,984,5400.0,956.0,5000.0,1674.0,4800.0,1953.0
2022-08-29 04:00:00,wagholi,nigadi,Khadaki,1,1,29,8,4,2022,986,984.0,5400.0,956.0,5000.0,1674.0,4800.0
2022-08-29 09:00:00,wagholi,nigadi,Lohgaon Rd,1,1,29,8,9,2022,1500,986.0,984.0,5400.0,956.0,5000.0,1674.0
2022-08-30 01:00:00,wagholi,nigadi,Lohgaon Rd,1,2,30,8,1,2022,900,1500.0,986.0,984.0,5400.0,956.0,5000.0
2022-08-30 05:00:00,wagholi,nigadi,Khadaki,1,2,30,8,5,2022,1543,900.0,1500.0,986.0,984.0,5400.0,956.0
2022-08-31 02:00:00,wagholi,nigadi,Lohgaon Rd,1,3,31,8,2,2022,800,1543.0,900.0,1500.0,986.0,984.0,5400.0
2022-08-31 06:00:00,wagholi,nigadi,Khadaki,1,3,31,8,6,2022,2754,800.0,1543.0,900.0,1500.0,986.0,984.0
2022-09-01 03:00:00,wagholi,nigadi,Lohgaon Rd,1,4,1,9,3,2022,750,2754.0,800.0,1543.0,900.0,1500.0,986.0
2022-09-01 07:00:00,wagholi,nigadi,Khadaki,1,4,1,9,7,2022,3645,750.0,2754.0,800.0,1543.0,900.0,1500.0
2022-09-02 04:00:00,wagholi,nigadi,Lohgaon Rd,1,5,2,9,4,2022,970,3645.0,750.0,2754.0,800.0,1543.0,900.0
2022-09-02 08:00:00,wagholi,nigadi,Khadaki,1,5,2,9,8,2022,4363,970.0,3645.0,750.0,2754.0,800.0,1543.0
2022-09-03 05:00:00,wagholi,nigadi,Lohgaon Rd,1,6,3,9,5,2022,1000,4363.0,970.0,3645.0,750.0,2754.0,800.0
2022-09-03 09:00:00,wagholi,nigadi,Khadaki,1,6,3,9,9,2022,2356,1000.0,4363.0,970.0,3645.0,750.0,2754.0
2022-09-04 06:00:00,wagholi,nigadi,Lohgaon Rd,1,7,4,9,6,2022,5503,2356.0,1000.0,4363.0,970.0,3645.0,750.0
2022-09-04 10:00:00,wagholi,nigadi,Khadaki,1,7,4,9,10,2022,2854,5503.0,2356.0,1000.0,4363.0,970.0,3645.0
2022-09-05 07:00:00,wagholi,nigadi,Lohgaon Rd,1,1,5,9,7,2022,5504,2854.0,5503.0,2356.0,1000.0,4363.0,970.0
2022-09-05 11:00:00,wagholi,nigadi,Khadaki,1,1,5,9,11,2022,2754,5504.0,2854.0,5503.0,2356.0,1000.0,4363.0
2022-09-06 08:00:00,wagholi,nigadi,Lohgaon Rd,1,2,6,9,8,2022,5502,2754.0,5504.0,2854.0,5503.0,2356.0,1000.0
2022-09-06 12:00:00,wagholi,nigadi,Khadaki,1,2,6,9,12,2022,3545,5502.0,2754.0,5504.0,2854.0,5503.0,2356.0
2022-09-07 09:00:00,wagholi,nigadi,Lohgaon Rd,1,3,7,9,9,2022,5501,3545.0,5502.0,2754.0,5504.0,2854.0,5503.0
2022-09-07 13:00:00,wagholi,nigadi,Khadaki,1,3,7,9,13,2022,4433,5501.0,3545.0,5502.0,2754.0,5504.0,2854.0
2022-09-08 10:00:00,wagholi,nigadi,Lohgaon Rd,1,4,8,9,10,2022,4000,4433.0,5501.0,3545.0,5502.0,2754.0,5504.0
2022-09-08 14:00:00,wagholi,nigadi,Khadaki,1,4,8,9,14,2022,5433,4000.0,4433.0,5501.0,3545.0,5502.0,2754.0
2022-09-09 11:00:00,wagholi,nigadi,Lohgaon Rd,1,5,9,9,11,2022,5500,5433.0,4000.0,4433.0,5501.0,3545.0,5502.0
2022-09-09 15:00:00,wagholi,nigadi,Khadaki,1,5,9,9,15,2022,5522,5500.0,5433.0,4000.0,4433.0,5501.0,3545.0
2022-09-10 12:00:00,wagholi,nigadi,Lohgaon Rd,1,6,10,9,12,2022,2000,5522.0,5500.0,5433.0,4000.0,4433.0,5501.0
2022-09-10 16:00:00,wagholi,nigadi,Khadaki,1,6,10,9,16,2022,2897,2000.0,5522.0,5500.0,5433.0,4000.0,4433.0
2022-09-11 13:00:00,wagholi,nigadi,Lohgaon Rd,1,7,11,9,13,2022,2500,2897.0,2000.0,5522.0,5500.0,5433.0,4000.0
2022-09-11 17:00:00,wagholi,nigadi,Khadaki,1,7,11,9,17,2022,2789,2500.0,2897.0,2000.0,5522.0,5500.0,5433.0
2022-09-12 14:00:00,wagholi,nigadi,Lohgaon Rd,1,1,12,9,14,2022,4000,2789.0,2500.0,2897.0,2000.0,5522.0,5500.0
2022-09-12 18:00:00,wagholi,nigadi,Khadaki,1,1,12,9,18,2022,4987,4000.0,2789.0,2500.0,2897.0,2000.0,5522.0
2022-09-13 15:00:00,wagholi,nigadi,Lohgaon Rd,1,2,13,9,15,2022,4200,4987.0,4000.0,2789.0,2500.0,2897.0,2000.0
2022-09-13 19:00:00,wagholi,nigadi,Khadaki,1,2,13,9,19,2022,5364,4200.0,4987.0,4000.0,2789.0,2500.0,2897.0
2022-09-14 16:00:00,wagholi,nigadi,Lohgaon Rd,1,3,14,9,16,2022,4500,5364.0,4200.0,4987.0,4000.0,2789.0,2500.0
2022-09-14 20:00:00,wagholi,nigadi,Khadaki,1,3,14,9,20,2022,5432,4500.0,5364.0,4200.0,4987.0,4000.0,2789.0
2022-09-15 17:00:00,wagholi,nigadi,Lohgaon Rd,1,4,15,9,17,2022,5000,5432.0,4500.0,5364.0,4200.0,4987.0,4000.0
2022-09-15 21:00:00,wagholi,nigadi,Khadaki,1,4,15,9,21,2022,4354,5000.0,5432.0,4500.0,5364.0,4200.0,4987.0
2022-09-16 18:00:00,wagholi,nigadi,Lohgaon Rd,1,5,16,9,18,2022,5200,4354.0,5000.0,5432.0,4500.0,5364.0,4200.0
2022-09-16 22:00:00,wagholi,nigadi,Khadaki,1,5,16,9,22,2022,3758,5200.0,4354.0,5000.0,5432.0,4500.0,5364.0
2022-09-17 19:00:00,wagholi,nigadi,Lohgaon Rd,1,6,17,9,19,2022,2000,3758.0,5200.0,4354.0,5000.0,5432.0,4500.0
2022-09-17 23:00:00,wagholi,nigadi,Khadaki,1,6,17,9,23,2022,3756,2000.0,3758.0,5200.0,4354.0,5000.0,5432.0
2022-09-18 20:00:00,wagholi,nigadi,Lohgaon Rd,1,7,18,9,20,2022,2200,3756.0,2000.0,3758.0,5200.0,4354.0,5000.0
2022-09-19 00:00:00,wagholi,nigadi,Khadaki,1,1,19,9,0,2022,2847,2200.0,3756.0,2000.0,3758.0,5200.0,4354.0
2022-09-19 21:00:00,wagholi,nigadi,Lohgaon Rd,1,1,19,9,21,2022,4000,2847.0,2200.0,3756.0,2000.0,3758.0,5200.0
2022-09-20 01:00:00,wagholi,nigadi,Khadaki,1,2,20,9,1,2022,1875,4000.0,2847.0,2200.0,3756.0,2000.0,3758.0
2022-09-20 22:00:00,wagholi,nigadi,Lohgaon Rd,1,2,20,9,22,2022,4300,1875.0,4000.0,2847.0,2200.0,3756.0,2000.0
2022-09-21 02:00:00,wagholi,nigadi,Khadaki,1,3,21,9,2,2022,756,4300.0,1875.0,4000.0,2847.0,2200.0,3756.0
2022-09-21 23:00:00,wagholi,nigadi,Lohgaon Rd,1,3,21,9,23,2022,2300,756.0,4300.0,1875.0,4000.0,2847.0,2200.0
2022-09-22 03:00:00,wagholi,nigadi,Khadaki,1,4,22,9,3,2022,746,2300.0,756.0,4300.0,1875.0,4000.0,2847.0
2022-09-23 00:00:00,wagholi,nigadi,Lohgaon Rd,1,5,23,9,0,2022,2700,746.0,2300.0,756.0,4300.0,1875.0,4000.0
2022-09-23 04:00:00,wagholi,nigadi,Khadaki,1,5,23,9,4,2022,984,2700.0,746.0,2300.0,756.0,4300.0,1875.0
2022-09-24 01:00:00,wagholi,nigadi,Lohgaon Rd,1,6,24,9,1,2022,1000,984.0,2700.0,746.0,2300.0,756.0,4300.0
2022-09-24 05:00:00,wagholi,nigadi,Khadaki,1,6,24,9,5,2022,1654,1000.0,984.0,2700.0,746.0,2300.0,756.0
2022-09-25 02:00:00,wagholi,nigadi,Lohgaon Rd,1,7,25,9,2,2022,900,1654.0,1000.0,984.0,2700.0,746.0,2300.0
2022-09-25 06:00:00,wagholi,nigadi,Khadaki,1,7,25,9,6,2022,1743,900.0,1654.0,1000.0,984.0,2700.0,746.0
2022-09-26 03:00:00,wagholi,nigadi,Lohgaon Rd,1,1,26,9,3,2022,700,1743.0,900.0,1654.0,1000.0,984.0,2700.0
2022-09-26 07:00:00,wagholi,nigadi,Khadaki,1,1,26,9,7,2022,2764,700.0,1743.0,900.0,1654.0,1000.0,984.0
2022-09-27 04:00:00,wagholi,nigadi,Lohgaon Rd,1,2,27,9,4,2022,900,2764.0,700.0,1743.0,900.0,1654.0,1000.0
2022-09-27 08:00:00,wagholi,nigadi,Khadaki,1,2,27,9,8,2022,3857,900.0,2764.0,700.0,1743.0,900.0,1654.0
2022-09-28 05:00:00,wagholi,nigadi,Lohgaon Rd,1,3,28,9,5,2022,650,3857.0,900.0,2764.0,700.0,1743.0,900.0
2022-09-28 09:00:00,wagholi,nigadi,Khadaki,1,3,28,9,9,2022,4132,650.0,3857.0,900.0,2764.0,700.0,1743.0
2022-09-29 06:00:00,wagholi,nigadi,Lohgaon Rd,1,4,29,9,6,2022,5501,4132.0,650.0,3857.0,900.0,2764.0,700.0
2022-09-29 10:00:00,wagholi,nigadi,Khadaki,1,4,29,9,10,2022,3874,5501.0,4132.0,650.0,3857.0,900.0,2764.0
2022-09-30 07:00:00,wagholi,nigadi,Lohgaon Rd,1,5,30,9,7,2022,5513,3874.0,5501.0,4132.0,650.0,3857.0,900.0
2022-09-30 11:00:00,wagholi,nigadi,Khadaki,1,5,30,9,11,2022,2933,5513.0,3874.0,5501.0,4132.0,650.0,3857.0
2022-10-01 08:00:00,wagholi,nigadi,Lohgaon Rd,1,6,1,10,8,2022,5502,2933.0,5513.0,3874.0,5501.0,4132.0,650.0
2022-10-01 12:00:00,wagholi,nigadi,Khadaki,1,6,1,10,12,2022,2855,5502.0,2933.0,5513.0,3874.0,5501.0,4132.0
2022-10-02 09:00:00,wagholi,nigadi,Lohgaon Rd,1,7,2,10,9,2022,5518,2855.0,5502.0,2933.0,5513.0,3874.0,5501.0
2022-10-02 13:00:00,wagholi,nigadi,Khadaki,1,7,2,10,13,2022,3762,5518.0,2855.0,5502.0,2933.0,5513.0,3874.0
2022-10-03 10:00:00,wagholi,nigadi,Lohgaon Rd,1,1,3,10,10,2022,5508,3762.0,5518.0,2855.0,5502.0,2933.0,5513.0
2022-10-03 14:00:00,wagholi,nigadi,Khadaki,1,1,3,10,14,2022,4932,5508.0,3762.0,5518.0,2855.0,5502.0,2933.0
2022-10-04 11:00:00,wagholi,nigadi,Lohgaon Rd,1,2,4,10,11,2022,5507,4932.0,5508.0,3762.0,5518.0,2855.0,5502.0
2022-10-04 15:00:00,wagholi,nigadi,Khadaki,1,2,4,10,15,2022,4689,5507.0,4932.0,5508.0,3762.0,5518.0,2855.0
2022-10-05 12:00:00,wagholi,nigadi,Lohgaon Rd,1,3,5,10,12,2022,5505,4689.0,5507.0,4932.0,5508.0,3762.0,5518.0
2022-10-05 16:00:00,wagholi,nigadi,Khadaki,1,3,5,10,16,2022,5549,5505.0,4689.0,5507.0,4932.0,5508.0,3762.0
2022-10-06 13:00:00,wagholi,nigadi,Lohgaon Rd,1,4,6,10,13,2022,3000,5549.0,5505.0,4689.0,5507.0,4932.0,5508.0
2022-10-06 17:00:00,wagholi,nigadi,Khadaki,1,4,6,10,17,2022,4768,3000.0,5549.0,5505.0,4689.0,5507.0,4932.0
2022-10-07 14:00:00,wagholi,nigadi,Lohgaon Rd,1,5,7,10,14,2022,4000,4768.0,3000.0,5549.0,5505.0,4689.0,5507.0
2022-10-07 18:00:00,wagholi,nigadi,Khadaki,1,5,7,10,18,2022,4986,4000.0,4768.0,3000.0,5549.0,5505.0,4689.0
2022-10-08 15:00:00,wagholi,nigadi,Lohgaon Rd,1,6,8,10,15,2022,4500,4986.0,4000.0,4768.0,3000.0,5549.0,5505.0
2022-10-08 19:00:00,wagholi,nigadi,Khadaki,1,6,8,10,19,2022,4755,4500.0,4986.0,4000.0,4768.0,3000.0,5549.0
2022-10-09 16:00:00,wagholi,nigadi,Lohgaon Rd,1,7,9,10,16,2022,5000,4755.0,4500.0,4986.0,4000.0,4768.0,3000.0
2022-10-09 20:00:00,wagholi,nigadi,Khadaki,1,7,9,10,20,2022,4352,5000.0,4755.0,4500.0,4986.0,4000.0,4768.0
2022-10-10 17:00:00,wagholi,nigadi,Lohgaon Rd,1,1,10,10,17,2022,5200,4352.0,5000.0,4755.0,4500.0,4986.0,4000.0
2022-10-10 21:00:00,wagholi,nigadi,Khadaki,1,1,10,10,21,2022,3945,5200.0,4352.0,5000.0,4755.0,4500.0,4986.0
2022-10-11 18:00:00,wagholi,nigadi,Lohgaon Rd,1,2,11,10,18,2022,5300,3945.0,5200.0,4352.0,5000.0,4755.0,4500.0
2022-10-11 22:00:00,wagholi,nigadi,Khadaki,1,2,11,10,22,2022,2756,5300.0,3945.0,5200.0,4352.0,5000.0,4755.0
2022-10-12 19:00:00,wagholi,nigadi,Lohgaon Rd,1,3,12,10,19,2022,5400,2756.0,5300.0,3945.0,5200.0,4352.0,5000.0
2022-10-12 23:00:00,wagholi,nigadi,Khadaki,1,3,12,10,23,2022,2356,5400.0,2756.0,5300.0,3945.0,5200.0,4352.0
2022-10-13 20:00:00,wagholi,nigadi,Lohgaon Rd,1,4,13,10,20,2022,5500,2356.0,5400.0,2756.0,5300.0,3945.0,5200.0
2022-10-14 00:00:00,wagholi,nigadi,Khadaki,1,5,14,10,0,2022,1867,5500.0,2356.0,5400.0,2756.0,5300.0,3945.0
2022-10-14 21:00:00,wagholi,nigadi,Lohgaon Rd,1,5,14,10,21,2022,5450,1867.0,5500.0,2356.0,5400.0,2756.0,5300.0
2022-10-15 01:00:00,wagholi,nigadi,Khadaki,1,6,15,10,1,2022,987,5450.0,1867.0,5500.0,2356.0,5400.0,2756.0
2022-10-15 22:00:00,wagholi,nigadi,Lohgaon Rd,1,6,15,10,22,2022,2000,987.0,5450.0,1867.0,5500.0,2356.0,5400.0
2022-10-16 02:00:00,wagholi,nigadi,Khadaki,1,7,16,10,2,2022,845,2000.0,987.0,5450.0,1867.0,5500.0,2356.0
2022-10-16 23:00:00,wagholi,nigadi,Lohgaon Rd,1,7,16,10,23,2022,1500,845.0,2000.0,987.0,5450.0,1867.0,5500.0
2022-10-17 03:00:00,wagholi,nigadi,Khadaki,1,1,17,10,3,2022,876,1500.0,845.0,2000.0,987.0,5450.0,1867.0
2022-10-18 00:00:00,wagholi,nigadi,Lohgaon Rd,1,2,18,10,0,2022,2000,876.0,1500.0,845.0,2000.0,987.0,5450.0
2022-10-18 04:00:00,wagholi,nigadi,Khadaki,1,2,18,10,4,2022,756,2000.0,876.0,1500.0,845.0,2000.0,987.0
2022-10-19 01:00:00,wagholi,nigadi,Lohgaon Rd,1,3,19,10,1,2022,1000,756.0,2000.0,876.0,1500.0,845.0,2000.0
2022-10-19 05:00:00,wagholi,nigadi,Khadaki,1,3,19,10,5,2022,1745,1000.0,756.0,2000.0,876.0,1500.0,845.0
2022-10-20 02:00:00,wagholi,nigadi,Lohgaon Rd,1,4,20,10,2,2022,990,1745.0,1000.0,756.0,2000.0,876.0,1500.0
2022-10-20 06:00:00,wagholi,nigadi,Khadaki,1,4,20,10,6,2022,2336,990.0,1745.0,1000.0,756.0,2000.0,876.0
2022-10-21 03:00:00,wagholi,nigadi,Lohgaon Rd,1,5,21,10,3,2022,980,2336.0,990.0,1745.0,1000.0,756.0,2000.0
2022-10-21 07:00:00,wagholi,nigadi,Khadaki,1,5,21,10,7,2022,2345,980.0,2336.0,990.0,1745.0,1000.0,756.0
2022-10-22 04:00:00,wagholi,nigadi,Lohgaon Rd,1,6,22,10,4,2022,1000,2345.0,980.0,2336.0,990.0,1745.0,1000.0
2022-10-22 08:00:00,wagholi,nigadi,Khadaki,1,6,22,10,8,2022,3721,1000.0,2345.0,980.0,2336.0,990.0,1745.0
2022-10-23 05:00:00,wagholi,nigadi,Lohgaon Rd,1,7,23,10,5,2022,2000,3721.0,1000.0,2345.0,980.0,2336.0,990.0
2022-10-23 09:00:00,wagholi,nigadi,Khadaki,1,7,23,10,9,2022,4362,2000.0,3721.0,1000.0,2345.0,980.0,2336.0
2022-10-24 06:00:00,wagholi,nigadi,Lohgaon Rd,1,1,24,10,6,2022,2000,4362.0,2000.0,3721.0,1000.0,2345.0,980.0
2022-10-24 10:00:00,wagholi,nigadi,Khadaki,1,1,24,10,10,2022,2456,2000.0,4362.0,2000.0,3721.0,1000.0,2345.0
2022-10-25 07:00:00,wagholi,nigadi,Lohgaon Rd,1,2,25,10,7,2022,2500,2456.0,2000.0,4362.0,2000.0,3721.0,1000.0
2022-10-25 11:00:00,wagholi,nigadi,Khadaki,1,2,25,10,11,2022,2344,2500.0,2456.0,2000.0,4362.0,2000.0,3721.0
2022-10-26 08:00:00,wagholi,nigadi,Lohgaon Rd,1,3,26,10,8,2022,2600,2344.0,2500.0,2456.0,2000.0,4362.0,2000.0
2022-10-26 12:00:00,wagholi,nigadi,Khadaki,1,3,26,10,12,2022,1234,2600.0,2344.0,2500.0,2456.0,2000.0,4362.0
2022-10-27 09:00:00,wagholi,nigadi,Lohgaon Rd,1,4,27,10,9,2022,2800,1234.0,2600.0,2344.0,2500.0,2456.0,2000.0
2022-10-27 13:00:00,wagholi,nigadi,Khadaki,1,4,27,10,13,2022,2957,2800.0,1234.0,2600.0,2344.0,2500.0,2456.0
2022-10-28 10:00:00,wagholi,nigadi,Lohgaon Rd,1,5,28,10,10,2022,3000,2957.0,2800.0,1234.0,2600.0,2344.0,2500.0
2022-10-28 14:00:00,wagholi,nigadi,Khadaki,1,5,28,10,14,2022,2873,3000.0,2957.0,2800.0,1234.0,2600.0,2344.0
2022-10-29 11:00:00,wagholi,nigadi,Lohgaon Rd,1,6,29,10,11,2022,1000,2873.0,3000.0,2957.0,2800.0,1234.0,2600.0
2022-10-29 15:00:00,wagholi,nigadi,Khadaki,1,6,29,10,15,2022,3987,1000.0,2873.0,3000.0,2957.0,2800.0,1234.0
2022-10-30 12:00:00,wagholi,nigadi,Lohgaon Rd,1,7,30,10,12,2022,2000,3987.0,1000.0,2873.0,3000.0,2957.0,2800.0
2022-10-30 16:00:00,wagholi,nigadi,Khadaki,1,7,30,10,16,2022,3876,2000.0,3987.0,1000.0,2873.0,3000.0,2957.0
2022-10-31 13:00:00,wagholi,nigadi,Lohgaon Rd,1,1,31,10,13,2022,3500,3876.0,2000.0,3987.0,1000.0,2873.0,3000.0
2022-10-31 17:00:00,wagholi,nigadi,Khadaki,1,1,31,10,17,2022,4321,3500.0,3876.0,2000.0,3987.0,1000.0,2873.0
2022-11-01 14:00:00,wagholi,nigadi,Lohgaon Rd,1,2,1,11,14,2022,4000,4321.0,3500.0,3876.0,2000.0,3987.0,1000.0
2022-11-01 18:00:00,wagholi,nigadi,Khadaki,1,2,1,11,18,2022,5946,4000.0,4321.0,3500.0,3876.0,2000.0,3987.0
2022-11-02 15:00:00,wagholi,nigadi,Lohgaon Rd,1,3,2,11,15,2022,4500,5946.0,4000.0,4321.0,3500.0,3876.0,2000.0
2022-11-02 19:00:00,wagholi,nigadi,Khadaki,1,3,2,11,19,2022,3478,4500.0,5946.0,4000.0,4321.0,3500.0,3876.0
2022-11-03 16:00:00,wagholi,nigadi,Lohgaon Rd,1,4,3,11,16,2022,4800,3478.0,4500.0,5946.0,4000.0,4321.0,3500.0
2022-11-03 20:00:00,wagholi,nigadi,Khadaki,1,4,3,11,20,2022,3865,4800.0,3478.0,4500.0,5946.0,4000.0,4321.0
2022-11-04 17:00:00,wagholi,nigadi,Lohgaon Rd,1,5,4,11,17,2022,4900,3865.0,4800.0,3478.0,4500.0,5946.0,4000.0
2022-11-04 21:00:00,wagholi,nigadi,Khadaki,1,5,4,11,21,2022,3921,4900.0,3865.0,4800.0,3478.0,4500.0,5946.0
2022-11-05 18:00:00,wagholi,nigadi,Lohgaon Rd,1,6,5,11,18,2022,3000,3921.0,4900.0,3865.0,4800.0,3478.0,4500.0
2022-11-05 22:00:00,wagholi,nigadi,Khadaki,1,6,5,11,22,2022,3765,3000.0,3921.0,4900.0,3865.0,4800.0,3478.0
2022-11-06 19:00:00,wagholi,nigadi,Lohgaon Rd,1,7,6,11,19,2022,3100,3765.0,3000.0,3921.0,4900.0,3865.0,4800.0
2022-11-06 23:00:00,wagholi,nigadi,Khadaki,1,7,6,11,23,2022,1987,3100.0,3765.0,3000.0,3921.0,4900.0,3865.0
2022-11-07 20:00:00,wagholi,nigadi,Lohgaon Rd,1,1,7,11,20,2022,4000,1987.0,3100.0,3765.0,3000.0,3921.0,4900.0
2022-11-08 00:00:00,wagholi,nigadi,Khadaki,1,2,8,11,0,2022,1654,4000.0,1987.0,3100.0,3765.0,3000.0,3921.0
2022-11-08 21:00:00,wagholi,nigadi,Lohgaon Rd,1,2,8,11,21,2022,4500,1654.0,4000.0,1987.0,3100.0,3765.0,3000.0
2022-11-09 01:00:00,wagholi,nigadi,Khadaki,1,3,9,11,1,2022,999,4500.0,1654.0,4000.0,1987.0,3100.0,3765.0
2022-11-09 22:00:00,wagholi,nigadi,Lohgaon Rd,1,3,9,11,22,2022,5000,999.0,4500.0,1654.0,4000.0,1987.0,3100.0
2022-11-10 02:00:00,wagholi,nigadi,Khadaki,1,4,10,11,2,2022,635,5000.0,999.0,4500.0,1654.0,4000.0,1987.0
2022-11-10 23:00:00,wagholi,nigadi,Lohgaon Rd,1,4,10,11,23,2022,2000,635.0,5000.0,999.0,4500.0,1654.0,4000.0
2022-11-11 03:00:00,wagholi,nigadi,Khadaki,1,5,11,11,3,2022,834,2000.0,635.0,5000.0,999.0,4500.0,1654.0
2022-11-12 00:00:00,wagholi,nigadi,Lohgaon Rd,1,6,12,11,0,2022,2000,834.0,2000.0,635.0,5000.0,999.0,4500.0
2022-11-12 04:00:00,wagholi,nigadi,Khadaki,1,6,12,11,4,2022,789,2000.0,834.0,2000.0,635.0,5000.0,999.0
2022-11-13 01:00:00,wagholi,nigadi,Lohgaon Rd,1,7,13,11,1,2022,900,789.0,2000.0,834.0,2000.0,635.0,5000.0
2022-11-13 05:00:00,wagholi,nigadi,Khadaki,1,7,13,11,5,2022,1234,900.0,789.0,2000.0,834.0,2000.0,635.0
2022-11-14 02:00:00,wagholi,nigadi,Lohgaon Rd,1,1,14,11,2,2022,920,1234.0,900.0,789.0,2000.0,834.0,2000.0
2022-11-14 06:00:00,wagholi,nigadi,Khadaki,1,1,14,11,6,2022,2744,920.0,1234.0,900.0,789.0,2000.0,834.0
2022-11-15 03:00:00,wagholi,nigadi,Lohgaon Rd,1,2,15,11,3,2022,930,2744.0,920.0,1234.0,900.0,789.0,2000.0
2022-11-15 07:00:00,wagholi,nigadi,Khadaki,1,2,15,11,7,2022,2345,930.0,2744.0,920.0,1234.0,900.0,789.0
2022-11-16 04:00:00,wagholi,nigadi,Lohgaon Rd,1,3,16,11,4,2022,940,2345.0,930.0,2744.0,920.0,1234.0,900.0
2022-11-16 08:00:00,wagholi,nigadi,Khadaki,1,3,16,11,8,2022,4321,940.0,2345.0,930.0,2744.0,920.0,1234.0
2022-11-17 05:00:00,wagholi,nigadi,Lohgaon Rd,1,4,17,11,5,2022,980,4321.0,940.0,2345.0,930.0,2744.0,920.0
2022-11-17 09:00:00,wagholi,nigadi,Khadaki,1,4,17,11,9,2022,4678,980.0,4321.0,940.0,2345.0,930.0,2744.0
2022-11-18 06:00:00,wagholi,nigadi,Lohgaon Rd,1,5,18,11,6,2022,1000,4678.0,980.0,4321.0,940.0,2345.0,930.0
2022-11-18 10:00:00,wagholi,nigadi,Khadaki,1,5,18,11,10,2022,3452,1000.0,4678.0,980.0,4321.0,940.0,2345.0
2022-11-19 07:00:00,wagholi,nigadi,Lohgaon Rd,1,6,19,11,7,2022,1000,3452.0,1000.0,4678.0,980.0,4321.0,940.0
2022-11-19 11:00:00,wagholi,nigadi,Khadaki,1,6,19,11,11,2022,2345,1000.0,3452.0,1000.0,4678.0,980.0,4321.0
2022-11-20 08:00:00,wagholi,nigadi,Lohgaon Rd,1,7,20,11,8,2022,1200,2345.0,1000.0,3452.0,1000.0,4678.0,980.0
2022-11-20 12:00:00,wagholi,nigadi,Khadaki,1,7,20,11,12,2022,3865,1200.0,2345.0,1000.0,3452.0,1000.0,4678.0
2022-11-21 09:00:00,wagholi,nigadi,Lohgaon Rd,1,1,21,11,9,2022,4000,3865.0,1200.0,2345.0,1000.0,3452.0,1000.0
2022-11-21 13:00:00,wagholi,nigadi,Khadaki,1,1,21,11,13,2022,3457,4000.0,3865.0,1200.0,2345.0,1000.0,3452.0
2022-11-22 10:00:00,wagholi,nigadi,Lohgaon Rd,1,2,22,11,10,2022,4500,3457.0,4000.0,3865.0,1200.0,2345.0,1000.0
2022-11-22 14:00:00,wagholi,nigadi,Khadaki,1,2,22,11,14,2022,3654,4500.0,3457.0,4000.0,3865.0,1200.0,2345.0
2022-11-23 11:00:00,wagholi,nigadi,Lohgaon Rd,1,3,23,11,11,2022,5000,3654.0,4500.0,3457.0,4000.0,3865.0,1200.0
2022-11-23 15:00:00,wagholi,nigadi,Khadaki,1,3,23,11,15,2022,3987,5000.0,3654.0,4500.0,3457.0,4000.0,3865.0
2022-11-24 12:00:00,wagholi,nigadi,Lohgaon Rd,1,4,24,11,12,2022,4800,3987.0,5000.0,3654.0,4500.0,3457.0,4000.0
2022-11-24 16:00:00,wagholi,nigadi,Khadaki,1,4,24,11,16,2022,4321,4800.0,3987.0,5000.0,3654.0,4500.0,3457.0
2022-11-25 13:00:00,wagholi,nigadi,Lohgaon Rd,1,5,25,11,13,2022,5000,4321.0,4800.0,3987.0,5000.0,3654.0,4500.0
2022-11-25 17:00:00,wagholi,nigadi,Khadaki,1,5,25,11,17,2022,4567,5000.0,4321.0,4800.0,3987.0,5000.0,3654.0
2022-11-26 14:00:00,wagholi,nigadi,Lohgaon Rd,1,6,26,11,14,2022,1000,4567.0,5000.0,4321.0,4800.0,3987.0,5000.0
2022-11-26 18:00:00,wagholi,nigadi,Khadaki,1,6,26,11,18,2022,5432,1000.0,4567.0,5000.0,4321.0,4800.0,3987.0
2022-11-27 15:00:00,wagholi,nigadi,Lohgaon Rd,1,7,27,11,15,2022,2000,5432.0,1000.0,4567.0,5000.0,4321.0,4800.0
2022-11-27 19:00:00,wagholi,nigadi,Khadaki,1,7,27,11,19,2022,5432,2000.0,5432.0,1000.0,4567.0,5000.0,4321.0
2022-11-28 16:00:00,wagholi,nigadi,Lohgaon Rd,1,1,28,11,16,2022,4800,5432.0,2000.0,5432.0,1000.0,4567.0,5000.0
2022-11-28 20:00:00,wagholi,nigadi,Khadaki,1,1,28,11,20,2022,4654,4800.0,5432.0,2000.0,5432.0,1000.0,4567.0
2022-11-29 17:00:00,wagholi,nigadi,Lohgaon Rd,1,2,29,11,17,2022,5000,4654.0,4800.0,5432.0,2000.0,5432.0,1000.0
2022-11-29 21:00:00,wagholi,nigadi,Khadaki,1,2,29,11,21,2022,4321,5000.0,4654.0,4800.0,5432.0,2000.0,5432.0
2022-11-30 18:00:00,wagholi,nigadi,Lohgaon Rd,1,3,30,11,18,2022,5200,4321.0,5000.0,4654.0,4800.0,5432.0,2000.0
2022-11-30 22:00:00,wagholi,nigadi,Khadaki,1,3,30,11,22,2022,3433,5200.0,4321.0,5000.0,4654.0,4800.0,5432.0
2022-12-01 19:00:00,wagholi,nigadi,Lohgaon Rd,1,4,1,12,19,2022,5300,3433.0,5200.0,4321.0,5000.0,4654.0,4800.0
2022-12-01 23:00:00,wagholi,nigadi,Khadaki,1,4,1,12,23,2022,2765,5300.0,3433.0,5200.0,4321.0,5000.0,4654.0
2022-12-02 20:00:00,wagholi,nigadi,Lohgaon Rd,1,5,2,12,20,2022,5400,2765.0,5300.0,3433.0,5200.0,4321.0,5000.0
2022-12-03 00:00:00,wagholi,nigadi,Khadaki,1,6,3,12,0,2022,1765,5400.0,2765.0,5300.0,3433.0,5200.0,4321.0
2022-12-03 21:00:00,wagholi,nigadi,Lohgaon Rd,1,6,3,12,21,2022,1000,1765.0,5400.0,2765.0,5300.0,3433.0,5200.0
2022-12-04 01:00:00,wagholi,nigadi,Khadaki,1,7,4,12,1,2022,912,1000.0,1765.0,5400.0,2765.0,5300.0,3433.0
2022-12-04 22:00:00,wagholi,nigadi,Lohgaon Rd,1,7,4,12,22,2022,900,912.0,1000.0,1765.0,5400.0,2765.0,5300.0
2022-12-05 02:00:00,wagholi,nigadi,Khadaki,1,1,5,12,2,2022,598,900.0,912.0,1000.0,1765.0,5400.0,2765.0
2022-12-05 23:00:00,wagholi,nigadi,Lohgaon Rd,1,1,5,12,23,2022,3000,598.0,900.0,912.0,1000.0,1765.0,5400.0
2022-12-06 03:00:00,wagholi,nigadi,Khadaki,1,2,6,12,3,2022,654,3000.0,598.0,900.0,912.0,1000.0,1765.0
2022-12-07 00:00:00,wagholi,nigadi,Lohgaon Rd,1,3,7,12,0,2022,3200,654.0,3000.0,598.0,900.0,912.0,1000.0
2022-12-07 04:00:00,wagholi,nigadi,Khadaki,1,3,7,12,4,2022,789,3200.0,654.0,3000.0,598.0,900.0,912.0
2022-12-08 01:00:00,wagholi,nigadi,Lohgaon Rd,1,4,8,12,1,2022,900,789.0,3200.0,654.0,3000.0,598.0,900.0
2022-12-08 05:00:00,wagholi,nigadi,Khadaki,1,4,8,12,5,2022,987,900.0,789.0,3200.0,654.0,3000.0,598.0
2022-12-09 02:00:00,wagholi,nigadi,Lohgaon Rd,1,5,9,12,2,2022,960,987.0,900.0,789.0,3200.0,654.0,3000.0
2022-12-09 06:00:00,wagholi,nigadi,Khadaki,1,5,9,12,6,2022,2677,960.0,987.0,900.0,789.0,3200.0,654.0
2022-12-10 03:00:00,wagholi,nigadi,Lohgaon Rd,1,6,10,12,3,2022,900,2677.0,960.0,987.0,900.0,789.0,3200.0
2022-12-10 07:00:00,wagholi,nigadi,Khadaki,1,6,10,12,7,2022,2311,900.0,2677.0,960.0,987.0,900.0,789.0
2022-12-11 04:00:00,wagholi,nigadi,Lohgaon Rd,1,7,11,12,4,2022,900,2311.0,900.0,2677.0,960.0,987.0,900.0
2022-12-11 08:00:00,wagholi,nigadi,Khadaki,1,7,11,12,8,2022,3776,900.0,2311.0,900.0,2677.0,960.0,987.0
2022-12-12 05:00:00,wagholi,nigadi,Lohgaon Rd,1,1,12,12,5,2022,1000,3776.0,900.0,2311.0,900.0,2677.0,960.0
2022-12-12 09:00:00,wagholi,nigadi,Khadaki,1,1,12,12,9,2022,5289,1000.0,3776.0,900.0,2311.0,900.0,2677.0
2022-12-13 06:00:00,wagholi,nigadi,Lohgaon Rd,1,2,13,12,6,2022,2000,5289.0,1000.0,3776.0,900.0,2311.0,900.0
2022-12-13 10:00:00,wagholi,nigadi,Khadaki,1,2,13,12,10,2022,5543,2000.0,5289.0,1000.0,3776.0,900.0,2311.0
2022-12-14 07:00:00,wagholi,nigadi,Lohgaon Rd,1,3,14,12,7,2022,2500,5543.0,2000.0,5289.0,1000.0,3776.0,900.0
2022-12-14 11:00:00,wagholi,nigadi,Khadaki,1,3,14,12,11,2022,2342,2500.0,5543.0,2000.0,5289.0,1000.0,3776.0
2022-12-15 08:00:00,wagholi,nigadi,Lohgaon Rd,1,4,15,12,8,2022,3000,2342.0,2500.0,5543.0,2000.0,5289.0,1000.0
2022-12-15 12:00:00,wagholi,nigadi,Khadaki,1,4,15,12,12,2022,2987,3000.0,2342.0,2500.0,5543.0,2000.0,5289.0
2022-12-16 09:00:00,wagholi,nigadi,Lohgaon Rd,1,5,16,12,9,2022,4000,2987.0,3000.0,2342.0,2500.0,5543.0,2000.0
2022-12-16 13:00:00,wagholi,nigadi,Khadaki,1,5,16,12,13,2022,4533,4000.0,2987.0,3000.0,2342.0,2500.0,5543.0
2022-12-17 10:00:00,wagholi,nigadi,Lohgaon Rd,1,6,17,12,10,2022,1000,4533.0,4000.0,2987.0,3000.0,2342.0,2500.0
2022-12-17 14:00:00,wagholi,nigadi,Khadaki,1,6,17,12,14,2022,3453,1000.0,4533.0,4000.0,2987.0,3000.0,2342.0
2022-12-18 11:00:00,wagholi,nigadi,Lohgaon Rd,1,7,18,12,11,2022,900,3453.0,1000.0,4533.0,4000.0,2987.0,3000.0
2022-12-18 15:00:00,wagholi,nigadi,Khadaki,1,7,18,12,15,2022,3987,900.0,3453.0,1000.0,4533.0,4000.0,2987.0
2022-12-19 12:00:00,wagholi,nigadi,Lohgaon Rd,1,1,19,12,12,2022,3000,3987.0,900.0,3453.0,1000.0,4533.0,4000.0
2022-12-19 16:00:00,wagholi,nigadi,Khadaki,1,1,19,12,16,2022,4253,3000.0,3987.0,900.0,3453.0,1000.0,4533.0
2022-12-20 13:00:00,wagholi,nigadi,Lohgaon Rd,1,2,20,12,13,2022,3500,4253.0,3000.0,3987.0,900.0,3453.0,1000.0
2022-12-20 17:00:00,wagholi,nigadi,Khadaki,1,2,20,12,17,2022,4345,3500.0,4253.0,3000.0,3987.0,900.0,3453.0
2022-12-21 14:00:00,wagholi,nigadi,Lohgaon Rd,1,3,21,12,14,2022,4000,4345.0,3500.0,4253.0,3000.0,3987.0,900.0
2022-12-21 18:00:00,wagholi,nigadi,Khadaki,1,3,21,12,18,2022,4967,4000.0,4345.0,3500.0,4253.0,3000.0,3987.0
2022-12-22 15:00:00,wagholi,nigadi,Lohgaon Rd,1,4,22,12,15,2022,5000,4967.0,4000.0,4345.0,3500.0,4253.0,3000.0
2022-12-22 19:00:00,wagholi,nigadi,Khadaki,1,4,22,12,19,2022,5647,5000.0,4967.0,4000.0,4345.0,3500.0,4253.0
2022-12-23 16:00:00,wagholi,nigadi,Lohgaon Rd,1,5,23,12,16,2022,4400,5647.0,5000.0,4967.0,4000.0,4345.0,3500.0
2022-12-23 20:00:00,wagholi,nigadi,Khadaki,1,5,23,12,20,2022,4985,4400.0,5647.0,5000.0,4967.0,4000.0,4345.0
2022-12-24 17:00:00,wagholi,nigadi,Lohgaon Rd,1,6,24,12,17,2022,2000,4985.0,4400.0,5647.0,5000.0,4967.0,4000.0
2022-12-24 21:00:00,wagholi,nigadi,Khadaki,1,6,24,12,21,2022,5564,2000.0,4985.0,4400.0,5647.0,5000.0,4967.0
2022-12-25 18:00:00,wagholi,nigadi,Lohgaon Rd,1,7,25,12,18,2022,900,5564.0,2000.0,4985.0,4400.0,5647.0,5000.0
2022-12-25 22:00:00,wagholi,nigadi,Khadaki,1,7,25,12,22,2022,3456,900.0,5564.0,2000.0,4985.0,4400.0,5647.0
2022-12-26 19:00:00,wagholi,nigadi,Lohgaon Rd,1,1,26,12,19,2022,4000,3456.0,900.0,5564.0,2000.0,4985.0,4400.0
2022-12-26 23:00:00,wagholi,nigadi,Khadaki,1,1,26,12,23,2022,1999,4000.0,3456.0,900.0,5564.0,2000.0,4985.0
2022-12-27 20:00:00,wagholi,nigadi,Lohgaon Rd,1,2,27,12,20,2022,4500,1999.0,4000.0,3456.0,900.0,5564.0,2000.0
2022-12-28 00:00:00,wagholi,nigadi,Khadaki,1,3,28,12,0,2022,2387,4500.0,1999.0,4000.0,3456.0,900.0,5564.0
2022-12-28 21:00:00,wagholi,nigadi,Lohgaon Rd,1,3,28,12,21,2022,5000,2387.0,4500.0,1999.0,4000.0,3456.0,900.0
2022-12-29 01:00:00,wagholi,nigadi,Khadaki,1,4,29,12,1,2022,187,5000.0,2387.0,4500.0,1999.0,4000.0,3456.0
2022-12-29 22:00:00,wagholi,nigadi,Lohgaon Rd,1,4,29,12,22,2022,5400,187.0,5000.0,2387.0,4500.0,1999.0,4000.0
2022-12-30 17:00:00,wagholi,nigadi,Khadaki,1,5,30,12,17,2022,4573,5400.0,187.0,5000.0,2387.0,4500.0,1999.0
2022-12-30 23:00:00,wagholi,nigadi,Khadaki,1,5,30,12,23,2022,3000,4573.0,5400.0,187.0,5000.0,2387.0,4500.0
2022-12-31 18:00:00,wagholi,nigadi,Khadaki,1,6,31,12,18,2022,5510,3000.0,4573.0,5400.0,187.0,5000.0,2387.0
2022-12-31 18:00:00,wagholi,nigadi,Khadaki,1,6,31,12,18,2022,5509,5510.0,3000.0,4573.0,5400.0,187.0,5000.0
