date_time,source,destination,route,is_holiday,weekday,day,month,hour,year,traffic
2022-01-01 10:00:00,wagholi,nigadi,Lohgaon Rd,1,6,1,1,10,2022,2000
2022-01-01 14:00:00,wagholi,nigadi,Khadaki,1,6,1,1,14,2022,1000
2022-01-02 11:00:00,wagholi,nigadi,Lohgaon Rd,1,7,2,1,11,2022,3400
2022-01-02 15:00:00,wagholi,nigadi,Khadaki,1,7,2,1,15,2022,1200
2022-01-03 12:00:00,wagholi,nigadi,Lohgaon Rd,1,1,3,1,12,2022,5000
2022-01-03 16:00:00,wagholi,nigadi,Khadaki,1,1,3,1,16,2022,4500
2022-01-04 13:00:00,wagholi,nigadi,Lohgaon Rd,1,2,4,1,13,2022,4893
2022-01-04 17:00:00,wagholi,nigadi,Khadaki,1,2,4,1,17,2022,4800
2022-01-05 14:00:00,wagholi,nigadi,Lohgaon Rd,1,3,5,1,14,2022,4560
2022-01-05 18:00:00,wagholi,nigadi,Khadaki,1,3,5,1,18,2022,4900
2022-01-06 15:00:00,wagholi,nigadi,Lohgaon Rd,1,4,6,1,15,2022,4300
2022-01-06 19:00:00,wagholi,nigadi,Khadaki,1,4,6,1,19,2022,5000
2022-01-07 16:00:00,wagholi,nigadi,Lohgaon Rd,1,5,7,1,16,2022,4876
2022-01-07 20:00:00,wagholi,nigadi,Khadaki,1,5,7,1,20,2022,5100
2022-01-08 17:00:00,wagholi,nigadi,Lohgaon Rd,1,6,8,1,17,2022,3000
2022-01-08 21:00:00,wagholi,nigadi,Khadaki,1,6,8,1,21,2022,2000
2022-01-09 18:00:00,wagholi,nigadi,Lohgaon Rd,1,7,9,1,18,2022,3100
2022-01-09 22:00:00,wagholi,nigadi,Khadaki,1,7,9,1,22,2022,1000
2022-01-10 19:00:00,wagholi,nigadi,Lohgaon Rd,1,1,10,1,19,2022,5600
2022-01-10 23:00:00,wagholi,nigadi,Khadaki,1,1,10,1,23,2022,2800
2022-01-11 20:00:00,wagholi,nigadi,Lohgaon Rd,1,2,11,1,20,2022,5510
2022-01-12 00:00:00,wagholi,nigadi,Khadaki,1,3,12,1,0,2022,2900
2022-01-12 21:00:00,wagholi,nigadi,Lohgaon Rd,1,3,12,1,21,2022,5506
2022-01-13 01:00:00,wagholi,nigadi,Khadaki,1,4,13,1,1,2022,1000
2022-01-13 22:00:00,wagholi,nigadi,Lohgaon Rd,1,4,13,1,22,2022,5519
2022-01-14 02:00:00,wagholi,nigadi,Khadaki,1,5,14,1,2,2022,980
2022-01-14 23:00:00,wagholi,nigadi,Lohgaon Rd,1,5,14,1,23,2022,5500
2022-01-15 03:00:00,wagholi,nigadi,Khadaki,1,6,15,1,3,2022,990
2022-01-16 04:00:00,wagholi,nigadi,Khadaki,1,7,16,1,4,2022,995
2022-01-16 04:00:00,wagholi,nigadi,Lohgaon Rd,1,7,16,1,4,2022,1000
2022-01-17 01:00:00,wagholi,nigadi,Lohgaon Rd,1,1,17,1,1,2022,2200
2022-01-17 05:00:00,wagholi,nigadi,Khadaki,1,1,17,1,5,2022,1000
2022-01-18 02:00:00,wagholi,nigadi,Lohgaon Rd,1,2,18,1,2,2022,876
2022-01-18 06:00:00,wagholi,nigadi,Khadaki,1,2,18,1,6,2022,2500
2022-01-19 03:00:00,wagholi,nigadi,Lohgaon Rd,1,3,19,1,3,2022,970
2022-01-19 07:00:00,wagholi,nigadi,Khadaki,1,3,19,1,7,2022,3900
2022-01-20 04:00:00,wagholi,nigadi,Lohgaon Rd,1,4,20,1,4,2022,1000
2022-01-20 08:00:00,wagholi,nigadi,Khadaki,1,4,20,1,8,2022,3999
2022-01-21 05:00:00,wagholi,nigadi,Lohgaon Rd,1,5,21,1,5,2022,1234
2022-01-21 09:00:00,wagholi,nigadi,Khadaki,1,5,21,1,9,2022,4000
2022-01-22 06:00:00,wagholi,nigadi,Lohgaon Rd,1,6,22,1,6,2022,700
2022-01-22 10:00:00,wagholi,nigadi,Khadaki,1,6,22,1,10,2022,1000
2022-01-23 07:00:00,wagholi,nigadi,Lohgaon Rd,1,7,23,1,7,2022,700
2022-01-23 11:00:00,wagholi,nigadi,Khadaki,1,7,23,1,11,2022,987
2022-01-24 08:00:00,wagholi,nigadi,Lohgaon Rd,1,1,24,1,8,2022,5000
2022-01-24 12:00:00,wagholi,nigadi,Khadaki,1,1,24,1,12,2022,3000
2022-01-25 09:00:00,wagholi,nigadi,Lohgaon Rd,1,2,25,1,9,2022,4068
2022-01-25 13:00:00,wagholi,nigadi,Khadaki,1,2,25,1,13,2022,3500
2022-01-26 10:00:00,wagholi,nigadi,Lohgaon Rd,1,3,26,1,10,2022,1000
2022-01-26 14:00:00,wagholi,nigadi,Khadaki,1,3,26,1,14,2022,4000
2022-01-27 11:00:00,wagholi,nigadi,Lohgaon Rd,1,4,27,1,11,2022,2500
2022-01-27 15:00:00,wagholi,nigadi,Khadaki,1,4,27,1,15,2022,4500
2022-01-28 12:00:00,wagholi,nigadi,Lohgaon Rd,1,5,28,1,12,2022,2600
2022-01-28 16:00:00,wagholi,nigadi,Khadaki,1,5,28,1,16,2022,5000
2022-01-29 13:00:00,wagholi,nigadi,Lohgaon Rd,1,6,29,1,13,2022,1500
2022-01-29 17:00:00,wagholi,nigadi,Khadaki,1,6,29,1,17,2022,2300
2022-01-30 14:00:00,wagholi,nigadi,Lohgaon Rd,1,7,30,1,14,2022,1600
2022-01-30 18:00:00,wagholi,nigadi,Khadaki,1,7,30,1,18,2022,2500
2022-01-31 15:00:00,wagholi,nigadi,Lohgaon Rd,1,1,31,1,15,2022,4500
2022-01-31 19:00:00,wagholi,nigadi,Khadaki,1,1,31,1,19,2022,4000
2022-02-01 16:00:00,wagholi,nigadi,Lohgaon Rd,1,2,1,2,16,2022,4600
2022-02-01 20:00:00,wagholi,nigadi,Khadaki,1,2,1,2,20,2022,4600
2022-02-02 17:00:00,wagholi,nigadi,Lohgaon Rd,1,3,2,2,17,2022,4800
2022-02-02 21:00:00,wagholi,nigadi,Khadaki,1,3,2,2,21,2022,4700
2022-02-03 18:00:00,wagholi,nigadi,Lohgaon Rd,1,4,3,2,18,2022,5200
2022-02-03 22:00:00,wagholi,nigadi,Khadaki,1,4,3,2,22,2022,5000
2022-02-04 19:00:00,wagholi,nigadi,Lohgaon Rd,1,5,4,2,19,2022,5400
2022-02-04 23:00:00,wagholi,nigadi,Khadaki,1,5,4,2,23,2022,2300
2022-02-05 20:00:00,wagholi,nigadi,Lohgaon Rd,1,6,5,2,20,2022,2699
2022-02-06 00:00:00,wagholi,nigadi,Khadaki,1,7,6,2,0,2022,1000
2022-02-06 21:00:00,wagholi,nigadi,Lohgaon Rd,1,7,6,2,21,2022,2700
2022-02-07 01:00:00,wagholi,nigadi,Khadaki,1,1,7,2,1,2022,920
2022-02-07 22:00:00,wagholi,nigadi,Lohgaon Rd,1,1,7,2,22,2022,5200
2022-02-08 02:00:00,wagholi,nigadi,Khadaki,1,2,8,2,2,2022,930
2022-02-08 23:00:00,wagholi,nigadi,Lohgaon Rd,1,2,8,2,23,2022,3000
2022-02-09 03:00:00,wagholi,nigadi,Khadaki,1,3,9,2,3,2022,940
2022-02-10 04:00:00,wagholi,nigadi,Khadaki,1,4,10,2,4,2022,950
2022-02-10 12:00:00,wagholi,nigadi,Lohgaon Rd,1,4,10,2,12,2022,2500
2022-02-11 01:00:00,wagholi,nigadi,Lohgaon Rd,1,5,11,2,1,2022,900
2022-02-11 05:00:00,wagholi,nigadi,Khadaki,1,5,11,2,5,2022,980
2022-02-12 02:00:00,wagholi,nigadi,Lohgaon Rd,1,6,12,2,2,2022,800
2022-02-12 06:00:00,wagholi,nigadi,Khadaki,1,6,12,2,6,2022,2500
2022-02-13 03:00:00,wagholi,nigadi,Lohgaon Rd,1,7,13,2,3,2022,700
2022-02-13 07:00:00,wagholi,nigadi,Khadaki,1,7,13,2,7,2022,3000
2022-02-14 04:00:00,wagholi,nigadi,Lohgaon Rd,1,1,14,2,4,2022,659
2022-02-14 08:00:00,wagholi,nigadi,Khadaki,1,1,14,2,8,2022,3800
2022-02-15 05:00:00,wagholi,nigadi,Lohgaon Rd,1,2,15,2,5,2022,700
2022-02-15 09:00:00,wagholi,nigadi,Khadaki,1,2,15,2,9,2022,5000
2022-02-16 06:00:00,wagholi,nigadi,Lohgaon Rd,1,3,16,2,6,2022,2000
2022-02-16 10:00:00,wagholi,nigadi,Khadaki,1,3,16,2,10,2022,5200
2022-02-17 07:00:00,wagholi,nigadi,Lohgaon Rd,1,4,17,2,7,2022,3000
2022-02-17 11:00:00,wagholi,nigadi,Khadaki,1,4,17,2,11,2022,5400
2022-02-18 08:00:00,wagholi,nigadi,Lohgaon Rd,1,5,18,2,8,2022,4000
2022-02-18 12:00:00,wagholi,nigadi,Khadaki,1,5,18,2,12,2022,5000
2022-02-19 09:00:00,wagholi,nigadi,Lohgaon Rd,1,6,19,2,9,2022,5503
2022-02-19 13:00:00,wagholi,nigadi,Khadaki,1,6,19,2,13,2022,5505
2022-02-20 10:00:00,wagholi,nigadi,Lohgaon Rd,1,7,20,2,10,2022,4500
2022-02-20 14:00:00,wagholi,nigadi,Khadaki,1,7,20,2,14,2022,2000
2022-02-21 11:00:00,wagholi,nigadi,Lohgaon Rd,1,1,21,2,11,2022,4000
2022-02-21 15:00:00,wagholi,nigadi,Khadaki,1,1,21,2,15,2022,4000
2022-02-22 12:00:00,wagholi,nigadi,Lohgaon Rd,1,2,22,2,12,2022,3500
2022-02-22 16:00:00,wagholi,nigadi,Khadaki,1,2,22,2,16,2022,4500
2022-02-23 13:00:00,wagholi,nigadi,Lohgaon Rd,1,3,23,2,13,2022,3000
2022-02-23 17:00:00,wagholi,nigadi,Khadaki,1,3,23,2,17,2022,5000
2022-02-24 14:00:00,wagholi,nigadi,Lohgaon Rd,1,4,24,2,14,2022,3500
2022-02-24 18:00:00,wagholi,nigadi,Khadaki,1,4,24,2,18,2022,5200
2022-02-25 15:00:00,wagholi,nigadi,Lohgaon Rd,1,5,25,2,15,2022,4500
2022-02-25 19:00:00,wagholi,nigadi,Khadaki,1,5,25,2,19,2022,5300
2022-02-26 16:00:00,wagholi,nigadi,Lohgaon Rd,1,6,26,2,16,2022,2500
2022-02-26 20:00:00,wagholi,nigadi,Khadaki,1,6,26,2,20,2022,3000
2022-02-27 17:00:00,wagholi,nigadi,Lohgaon Rd,1,7,27,2,17,2022,3500
2022-02-27 21:00:00,wagholi,nigadi,Khadaki,1,7,27,2,21,2022,3400
2022-02-28 18:00:00,wagholi,nigadi,Lohgaon Rd,1,1,28,2,18,2022,4000
2022-02-28 22:00:00,wagholi,nigadi,Khadaki,1,1,28,2,22,2022,5000
2022-03-01 19:00:00,wagholi,nigadi,Lohgaon Rd,1,2,1,3,19,2022,5000
2022-03-01 23:00:00,wagholi,nigadi,Khadaki,1,2,1,3,23,2022,5600
2022-03-02 20:00:00,wagholi,nigadi,Lohgaon Rd,1,3,2,3,20,2022,4000
2022-03-03 00:00:00,wagholi,nigadi,Khadaki,1,4,3,3,0,2022,3000
2022-03-03 01:00:00,wagholi,nigadi,Lohgaon Rd,1,4,3,3,1,2022,1000
2022-03-04 01:00:00,wagholi,nigadi,Khadaki,1,5,4,3,1,2022,1000
2022-03-04 02:00:00,wagholi,nigadi,Lohgaon Rd,1,5,4,3,2,2022,900
2022-03-05 02:00:00,wagholi,nigadi,Khadaki,1,6,5,3,2,2022,900
2022-03-05 03:00:00,wagholi,nigadi,Lohgaon Rd,1,6,5,3,3,2022,950
2022-03-06 03:00:00,wagholi,nigadi,Khadaki,1,7,6,3,3,2022,980
2022-03-07 02:00:00,wagholi,nigadi,Lohgaon Rd,1,1,7,3,2,2022,960
2022-03-07 04:00:00,wagholi,nigadi,Khadaki,1,1,7,3,4,2022,990
2022-03-08 01:00:00,wagholi,nigadi,Lohgaon Rd,1,2,8,3,1,2022,1000
2022-03-08 05:00:00,wagholi,nigadi,Khadaki,1,2,8,3,5,2022,980
2022-03-09 02:00:00,wagholi,nigadi,Lohgaon Rd,1,3,9,3,2,2022,950
2022-03-09 06:00:00,wagholi,nigadi,Khadaki,1,3,9,3,6,2022,2000
2022-03-10 03:00:00,wagholi,nigadi,Lohgaon Rd,1,4,10,3,3,2022,900
2022-03-10 07:00:00,wagholi,nigadi,Khadaki,1,4,10,3,7,2022,3000
2022-03-11 04:00:00,wagholi,nigadi,Lohgaon Rd,1,5,11,3,4,2022,850
2022-03-11 08:00:00,wagholi,nigadi,Khadaki,1,5,11,3,8,2022,4000
2022-03-12 05:00:00,wagholi,nigadi,Lohgaon Rd,1,6,12,3,5,2022,1000
2022-03-12 09:00:00,wagholi,nigadi,Khadaki,1,6,12,3,9,2022,980
2022-03-13 06:00:00,wagholi,nigadi,Lohgaon Rd,1,7,13,3,6,2022,2000
2022-03-13 10:00:00,wagholi,nigadi,Khadaki,1,7,13,3,10,2022,990
2022-03-14 07:00:00,wagholi,nigadi,Lohgaon Rd,1,1,14,3,7,2022,3000
2022-03-14 11:00:00,wagholi,nigadi,Khadaki,1,1,14,3,11,2022,5500
2022-03-15 08:00:00,wagholi,nigadi,Lohgaon Rd,1,2,15,3,8,2022,4000
2022-03-15 12:00:00,wagholi,nigadi,Khadaki,1,2,15,3,12,2022,3000
2022-03-16 09:00:00,wagholi,nigadi,Lohgaon Rd,1,3,16,3,9,2022,5512
2022-03-16 13:00:00,wagholi,nigadi,Khadaki,1,3,16,3,13,2022,3500
2022-03-17 10:00:00,wagholi,nigadi,Lohgaon Rd,1,4,17,3,10,2022,5300
2022-03-17 14:00:00,wagholi,nigadi,Khadaki,1,4,17,3,14,2022,4000
2022-03-18 11:00:00,wagholi,nigadi,Lohgaon Rd,1,5,18,3,11,2022,5504
2022-03-18 15:00:00,wagholi,nigadi,Khadaki,1,5,18,3,15,2022,5507
2022-03-19 12:00:00,wagholi,nigadi,Lohgaon Rd,1,6,19,3,12,2022,2000
2022-03-19 16:00:00,wagholi,nigadi,Khadaki,1,6,19,3,16,2022,2000
2022-03-20 13:00:00,wagholi,nigadi,Lohgaon Rd,1,7,20,3,13,2022,2500
2022-03-20 17:00:00,wagholi,nigadi,Khadaki,1,7,20,3,17,2022,2500
2022-03-21 14:00:00,wagholi,nigadi,Lohgaon Rd,1,1,21,3,14,2022,4500
2022-03-21 18:00:00,wagholi,nigadi,Khadaki,1,1,21,3,18,2022,4600
2022-03-22 15:00:00,wagholi,nigadi,Lohgaon Rd,1,2,22,3,15,2022,5000
2022-03-22 19:00:00,wagholi,nigadi,Khadaki,1,2,22,3,19,2022,4700
2022-03-23 16:00:00,wagholi,nigadi,Lohgaon Rd,1,3,23,3,16,2022,5500
2022-03-23 20:00:00,wagholi,nigadi,Khadaki,1,3,23,3,20,2022,4800
2022-03-24 17:00:00,wagholi,nigadi,Lohgaon Rd,1,4,24,3,17,2022,5000
2022-03-24 21:00:00,wagholi,nigadi,Khadaki,1,4,24,3,21,2022,4900
2022-03-25 18:00:00,wagholi,nigadi,Lohgaon Rd,1,5,25,3,18,2022,5200
2022-03-25 22:00:00,wagholi,nigadi,Khadaki,1,5,25,3,22,2022,5100
2022-03-26 19:00:00,wagholi,nigadi,Lohgaon Rd,1,6,26,3,19,2022,2500
2022-03-26 23:00:00,wagholi,nigadi,Khadaki,1,6,26,3,23,2022,2000
2022-03-27 20:00:00,wagholi,nigadi,Lohgaon Rd,1,7,27,3,20,2022,2600
2022-03-28 00:00:00,wagholi,nigadi,Khadaki,1,1,28,3,0,2022,3000
2022-03-28 21:00:00,wagholi,nigadi,Lohgaon Rd,1,1,28,3,21,2022,5000
2022-03-29 01:00:00,wagholi,nigadi,Khadaki,1,2,29,3,1,2022,1000
2022-03-29 22:00:00,wagholi,nigadi,Lohgaon Rd,1,2,29,3,22,2022,5200
2022-03-30 02:00:00,wagholi,nigadi,Khadaki,1,3,30,3,2,2022,566
2022-03-30 23:00:00,wagholi,nigadi,Lohgaon Rd,1,3,30,3,23,2022,3000
2022-03-31 03:00:00,wagholi,nigadi,Khadaki,1,4,31,3,3,2022,980
2022-04-01 00:00:00,wagholi,nigadi,Lohgaon Rd,1,5,1,4,0,2022,3500
2022-04-01 04:00:00,wagholi,nigadi,Khadaki,1,5,1,4,4,2022,970
2022-04-02 01:00:00,wagholi,nigadi,Lohgaon Rd,1,6,2,4,1,2022,1200
2022-04-02 05:00:00,wagholi,nigadi,Khadaki,1,6,2,4,5,2022,2000
2022-04-03 02:00:00,wagholi,nigadi,Lohgaon Rd,1,7,3,4,2,2022,654
2022-04-03 06:00:00,wagholi,nigadi,Khadaki,1,7,3,4,6,2022,1500
2022-04-04 03:00:00,wagholi,nigadi,Lohgaon Rd,1,1,4,4,3,2022,950
2022-04-04 07:00:00,wagholi,nigadi,Khadaki,1,1,4,4,7,2022,2000
2022-04-05 04:00:00,wagholi,nigadi,Lohgaon Rd,1,2,5,4,4,2022,960
2022-04-05 08:00:00,wagholi,nigadi,Khadaki,1,2,5,4,8,2022,3000
2022-04-06 05:00:00,wagholi,nigadi,Lohgaon Rd,1,3,6,4,5,2022,1000
2022-04-06 09:00:00,wagholi,nigadi,Khadaki,1,3,6,4,9,2022,3500
2022-04-07 06:00:00,wagholi,nigadi,Lohgaon Rd,1,4,7,4,6,2022,2000
2022-04-07 10:00:00,wagholi,nigadi,Khadaki,1,4,7,4,10,2022,4500
2022-04-08 07:00:00,wagholi,nigadi,Lohgaon Rd,1,5,8,4,7,2022,3000
2022-04-08 11:00:00,wagholi,nigadi,Khadaki,1,5,8,4,11,2022,5000
2022-04-09 08:00:00,wagholi,nigadi,Lohgaon Rd,1,6,9,4,8,2022,2000
2022-04-09 12:00:00,wagholi,nigadi,Khadaki,1,6,9,4,12,2022,1000
2022-04-10 09:00:00,wagholi,nigadi,Lohgaon Rd,1,7,10,4,9,2022,5000
2022-04-10 13:00:00,wagholi,nigadi,Khadaki,1,7,10,4,13,2022,5506
2022-04-11 10:00:00,wagholi,nigadi,Lohgaon Rd,1,1,11,4,10,2022,5200
2022-04-11 14:00:00,wagholi,nigadi,Khadaki,1,1,11,4,14,2022,4000
2022-04-12 11:00:00,wagholi,nigadi,Lohgaon Rd,1,2,12,4,11,2022,5400
2022-04-12 15:00:00,wagholi,nigadi,Khadaki,1,2,12,4,15,2022,4500
2022-04-13 12:00:00,wagholi,nigadi,Lohgaon Rd,1,3,13,4,12,2022,4000
2022-04-13 16:00:00,wagholi,nigadi,Khadaki,1,3,13,4,16,2022,5000
2022-04-14 13:00:00,wagholi,nigadi,Lohgaon Rd,1,4,14,4,13,2022,5000
2022-04-14 17:00:00,wagholi,nigadi,Khadaki,1,4,14,4,17,2022,5508
2022-04-15 14:00:00,wagholi,nigadi,Lohgaon Rd,1,5,15,4,14,2022,2000
2022-04-15 18:00:00,wagholi,nigadi,Khadaki,1,5,15,4,18,2022,2000
2022-04-16 15:00:00,wagholi,nigadi,Lohgaon Rd,1,6,16,4,15,2022,2000
2022-04-16 19:00:00,wagholi,nigadi,Khadaki,1,6,16,4,19,2022,2000
2022-04-17 16:00:00,wagholi,nigadi,Lohgaon Rd,1,7,17,4,16,2022,2300
2022-04-17 20:00:00,wagholi,nigadi,Khadaki,1,7,17,4,20,2022,2300
2022-04-18 17:00:00,wagholi,nigadi,Lohgaon Rd,1,1,18,4,17,2022,4000
2022-04-18 21:00:00,wagholi,nigadi,Khadaki,1,1,18,4,21,2022,3000
2022-04-19 18:00:00,wagholi,nigadi,Lohgaon Rd,1,2,19,4,18,2022,4300
2022-04-19 22:00:00,wagholi,nigadi,Khadaki,1,2,19,4,22,2022,3500
2022-04-20 19:00:00,wagholi,nigadi,Lohgaon Rd,1,3,20,4,19,2022,4500
2022-04-20 23:00:00,wagholi,nigadi,Khadaki,1,3,20,4,23,2022,3000
2022-04-21 20:00:00,wagholi,nigadi,Lohgaon Rd,1,4,21,4,20,2022,4700
2022-04-22 00:00:00,wagholi,nigadi,Khadaki,1,5,22,4,0,2022,2800
2022-04-22 21:00:00,wagholi,nigadi,Lohgaon Rd,1,5,22,4,21,2022,5000
2022-04-23 01:00:00,wagholi,nigadi,Khadaki,1,6,23,4,1,2022,1000
2022-04-23 22:00:00,wagholi,nigadi,Lohgaon Rd,1,6,23,4,22,2022,2000
2022-04-24 02:00:00,wagholi,nigadi,Khadaki,1,7,24,4,2,2022,876
2022-04-24 23:00:00,wagholi,nigadi,Lohgaon Rd,1,7,24,4,23,2022,2500
2022-04-25 03:00:00,wagholi,nigadi,Khadaki,1,1,25,4,3,2022,960
2022-04-26 04:00:00,wagholi,nigadi,Khadaki,1,2,26,4,4,2022,970
2022-04-26 10:00:00,wagholi,nigadi,Lohgaon Rd,1,2,26,4,10,2022,5515
2022-04-27 01:00:00,wagholi,nigadi,Lohgaon Rd,1,3,27,4,1,2022,899
2022-04-27 05:00:00,wagholi,nigadi,Khadaki,1,3,27,4,5,2022,1000
2022-04-28 02:00:00,wagholi,nigadi,Lohgaon Rd,1,4,28,4,2,2022,876
2022-04-28 06:00:00,wagholi,nigadi,Khadaki,1,4,28,4,6,2022,1200
2022-04-29 03:00:00,wagholi,nigadi,Lohgaon Rd,1,5,29,4,3,2022,709
2022-04-29 07:00:00,wagholi,nigadi,Khadaki,1,5,29,4,7,2022,2000
2022-04-30 04:00:00,wagholi,nigadi,Lohgaon Rd,1,6,30,4,4,2022,500
2022-04-30 08:00:00,wagholi,nigadi,Khadaki,1,6,30,4,8,2022,789
2022-05-01 05:00:00,wagholi,nigadi,Lohgaon Rd,1,7,1,5,5,2022,430
2022-05-01 09:00:00,wagholi,nigadi,Khadaki,1,7,1,5,9,2022,1200
2022-05-02 06:00:00,wagholi,nigadi,Lohgaon Rd,1,1,2,5,6,2022,1999
2022-05-02 10:00:00,wagholi,nigadi,Khadaki,1,1,2,5,10,2022,5567
2022-05-03 07:00:00,wagholi,nigadi,Lohgaon Rd,1,2,3,5,7,2022,2000
2022-05-03 11:00:00,wagholi,nigadi,Khadaki,1,2,3,5,11,2022,3008
2022-05-04 08:00:00,wagholi,nigadi,Lohgaon Rd,1,3,4,5,8,2022,3920
2022-05-04 12:00:00,wagholi,nigadi,Khadaki,1,3,4,5,12,2022,5299
2022-05-05 09:00:00,wagholi,nigadi,Lohgaon Rd,1,4,5,5,9,2022,5514
2022-05-05 13:00:00,wagholi,nigadi,Khadaki,1,4,5,5,13,2022,4837
2022-05-06 10:00:00,wagholi,nigadi,Lohgaon Rd,1,5,6,5,10,2022,5516
2022-05-06 14:00:00,wagholi,nigadi,Khadaki,1,5,6,5,14,2022,4902
2022-05-07 11:00:00,wagholi,nigadi,Lohgaon Rd,1,6,7,5,11,2022,3000
2022-05-07 15:00:00,wagholi,nigadi,Khadaki,1,6,7,5,15,2022,3927
2022-05-08 12:00:00,wagholi,nigadi,Lohgaon Rd,1,7,8,5,12,2022,3120
2022-05-08 16:00:00,wagholi,nigadi,Khadaki,1,7,8,5,16,2022,3001
2022-05-09 13:00:00,wagholi,nigadi,Lohgaon Rd,1,1,9,5,13,2022,4335
2022-05-09 17:00:00,wagholi,nigadi,Khadaki,1,1,9,5,17,2022,4329
2022-05-10 14:00:00,wagholi,nigadi,Lohgaon Rd,1,2,10,5,14,2022,3879
2022-05-10 18:00:00,wagholi,nigadi,Khadaki,1,2,10,5,18,2022,5628
2022-05-11 15:00:00,wagholi,nigadi,Lohgaon Rd,1,3,11,5,15,2022,4999
2022-05-11 19:00:00,wagholi,nigadi,Khadaki,1,3,11,5,19,2022,5521
2022-05-12 16:00:00,wagholi,nigadi,Lohgaon Rd,1,4,12,5,16,2022,4152
2022-05-12 20:00:00,wagholi,nigadi,Khadaki,1,4,12,5,20,2022,5509
2022-05-13 17:00:00,wagholi,nigadi,Lohgaon Rd,1,5,13,5,17,2022,4993
2022-05-13 21:00:00,wagholi,nigadi,Khadaki,1,5,13,5,21,2022,5673
2022-05-14 18:00:00,wagholi,nigadi,Lohgaon Rd,1,6,14,5,18,2022,3124
2022-05-14 22:00:00,wagholi,nigadi,Khadaki,1,6,14,5,22,2022,3009
2022-05-15 12:00:00,wagholi,nigadi,Khadaki,1,7,15,5,12,2022,2987
2022-05-15 19:00:00,wagholi,nigadi,Lohgaon Rd,1,7,15,5,19,2022,2987
2022-05-16 10:00:00,wagholi,nigadi,Khadaki,1,1,16,5,10,2022,3009
2022-05-16 20:00:00,wagholi,nigadi,Lohgaon Rd,1,1,16,5,20,2022,2765
2022-05-17 10:00:00,wagholi,nigadi,Khadaki,1,2,17,5,10,2022,4536
2022-05-17 21:00:00,wagholi,nigadi,Lohgaon Rd,1,2,17,5,21,2022,5511
2022-05-18 01:00:00,wagholi,nigadi,Khadaki,1,3,18,5,1,2022,1000
2022-05-18 22:00:00,wagholi,nigadi,Lohgaon Rd,1,3,18,5,22,2022,5523
2022-05-19 02:00:00,wagholi,nigadi,Khadaki,1,4,19,5,2,2022,654
2022-05-19 23:00:00,wagholi,nigadi,Lohgaon Rd,1,4,19,5,23,2022,3450
2022-05-20 03:00:00,wagholi,nigadi,Khadaki,1,5,20,5,3,2022,784
2022-05-21 04:00:00,wagholi,nigadi,Khadaki,1,6,21,5,4,2022,948
2022-05-21 11:00:00,wagholi,nigadi,Lohgaon Rd,1,6,21,5,11,2022,2987
2022-05-22 01:00:00,wagholi,nigadi,Lohgaon Rd,1,7,22,5,1,2022,789
2022-05-22 05:00:00,wagholi,nigadi,Khadaki,1,7,22,5,5,2022,1243
2022-05-23 02:00:00,wagholi,nigadi,Lohgaon Rd,1,1,23,5,2,2022,802
2022-05-23 06:00:00,wagholi,nigadi,Khadaki,1,1,23,5,6,2022,1212
2022-05-24 03:00:00,wagholi,nigadi,Lohgaon Rd,1,2,24,5,3,2022,982
2022-05-24 07:00:00,wagholi,nigadi,Khadaki,1,2,24,5,7,2022,2344
2022-05-25 04:00:00,wagholi,nigadi,Lohgaon Rd,1,3,25,5,4,2022,1001
2022-05-25 08:00:00,wagholi,nigadi,Khadaki,1,3,25,5,8,2022,3211
2022-05-26 05:00:00,wagholi,nigadi,Lohgaon Rd,1,4,26,5,5,2022,992
2022-05-26 09:00:00,wagholi,nigadi,Khadaki,1,4,26,5,9,2022,4353
2022-05-27 06:00:00,wagholi,nigadi,Lohgaon Rd,1,5,27,5,6,2022,2011
2022-05-27 10:00:00,wagholi,nigadi,Khadaki,1,5,27,5,10,2022,3467
2022-05-28 07:00:00,wagholi,nigadi,Lohgaon Rd,1,6,28,5,7,2022,1999
2022-05-28 11:00:00,wagholi,nigadi,Khadaki,1,6,28,5,11,2022,2134
2022-05-29 08:00:00,wagholi,nigadi,Lohgaon Rd,1,7,29,5,8,2022,3982
2022-05-29 12:00:00,wagholi,nigadi,Khadaki,1,7,29,5,12,2022,1787
2022-05-30 09:00:00,wagholi,nigadi,Lohgaon Rd,1,1,30,5,9,2022,5593
2022-05-30 13:00:00,wagholi,nigadi,Khadaki,1,1,30,5,13,2022,2977
2022-05-31 10:00:00,wagholi,nigadi,Lohgaon Rd,1,2,31,5,10,2022,5517
2022-05-31 14:00:00,wagholi,nigadi,Khadaki,1,2,31,5,14,2022,2658
2022-06-01 11:00:00,wagholi,nigadi,Lohgaon Rd,1,3,1,6,11,2022,5993
2022-06-01 15:00:00,wagholi,nigadi,Khadaki,1,3,1,6,15,2022,2569
2022-06-02 12:00:00,wagholi,nigadi,Lohgaon Rd,1,4,2,6,12,2022,5281
2022-06-02 16:00:00,wagholi,nigadi,Khadaki,1,4,2,6,16,2022,3765
2022-06-03 13:00:00,wagholi,nigadi,Lohgaon Rd,1,5,3,6,13,2022,4345
2022-06-03 17:00:00,wagholi,nigadi,Khadaki,1,5,3,6,17,2022,4172
2022-06-04 14:00:00,wagholi,nigadi,Lohgaon Rd,1,6,4,6,14,2022,3422
2022-06-04 18:00:00,wagholi,nigadi,Khadaki,1,6,4,6,18,2022,4382
2022-06-05 15:00:00,wagholi,nigadi,Lohgaon Rd,1,7,5,6,15,2022,2988
2022-06-05 19:00:00,wagholi,nigadi,Khadaki,1,7,5,6,19,2022,4277
2022-06-06 16:00:00,wagholi,nigadi,Lohgaon Rd,1,1,6,6,16,2022,4222
2022-06-06 20:00:00,wagholi,nigadi,Khadaki,1,1,6,6,20,2022,4573
2022-06-07 17:00:00,wagholi,nigadi,Lohgaon Rd,1,2,7,6,17,2022,4999
2022-06-07 21:00:00,wagholi,nigadi,Khadaki,1,2,7,6,21,2022,4827
2022-06-08 18:00:00,wagholi,nigadi,Lohgaon Rd,1,3,8,6,18,2022,5392
2022-06-08 22:00:00,wagholi,nigadi,Khadaki,1,3,8,6,22,2022,3758
2022-06-09 19:00:00,wagholi,nigadi,Lohgaon Rd,1,4,9,6,19,2022,5512
2022-06-09 23:00:00,wagholi,nigadi,Khadaki,1,4,9,6,23,2022,3526
2022-06-10 20:00:00,wagholi,nigadi,Lohgaon Rd,1,5,10,6,20,2022,5520
2022-06-11 00:00:00,wagholi,nigadi,Khadaki,1,6,11,6,0,2022,2643
2022-06-11 21:00:00,wagholi,nigadi,Lohgaon Rd,1,6,11,6,21,2022,3455
2022-06-12 01:00:00,wagholi,nigadi,Khadaki,1,7,12,6,1,2022,1748
2022-06-12 22:00:00,wagholi,nigadi,Lohgaon Rd,1,7,12,6,22,2022,4012
2022-06-13 02:00:00,wagholi,nigadi,Khadaki,1,1,13,6,2,2022,977
2022-06-13 23:00:00,wagholi,nigadi,Lohgaon Rd,1,1,13,6,23,2022,2987
2022-06-14 03:00:00,wagholi,nigadi,Khadaki,1,2,14,6,3,2022,989
2022-06-15 04:00:00,wagholi,nigadi,Khadaki,1,3,15,6,4,2022,957
2022-06-15 10:00:00,wagholi,nigadi,Lohgaon Rd,1,3,15,6,10,2022,5789
2022-06-16 01:00:00,wagholi,nigadi,Lohgaon Rd,1,4,16,6,1,2022,1034
2022-06-16 05:00:00,wagholi,nigadi,Khadaki,1,4,16,6,5,2022,985
2022-06-17 02:00:00,wagholi,nigadi,Lohgaon Rd,1,5,17,6,2,2022,876
2022-06-17 06:00:00,wagholi,nigadi,Khadaki,1,5,17,6,6,2022,1754
2022-06-18 03:00:00,wagholi,nigadi,Lohgaon Rd,1,6,18,6,3,2022,987
2022-06-18 07:00:00,wagholi,nigadi,Khadaki,1,6,18,6,7,2022,1340
2022-06-19 04:00:00,wagholi,nigadi,Lohgaon Rd,1,7,19,6,4,2022,890
2022-06-19 08:00:00,wagholi,nigadi,Khadaki,1,7,19,6,8,2022,1321
2022-06-20 05:00:00,wagholi,nigadi,Lohgaon Rd,1,1,20,6,5,2022,1394
2022-06-20 09:00:00,wagholi,nigadi,Khadaki,1,1,20,6,9,2022,4738
2022-06-21 06:00:00,wagholi,nigadi,Lohgaon Rd,1,2,21,6,6,2022,2345
2022-06-21 10:00:00,wagholi,nigadi,Khadaki,1,2,21,6,10,2022,3859
2022-06-22 07:00:00,wagholi,nigadi,Lohgaon Rd,1,3,22,6,7,2022,3456
2022-06-22 11:00:00,wagholi,nigadi,Khadaki,1,3,22,6,11,2022,2354
2022-06-23 08:00:00,wagholi,nigadi,Lohgaon Rd,1,4,23,6,8,2022,4087
2022-06-23 12:00:00,wagholi,nigadi,Khadaki,1,4,23,6,12,2022,2543
2022-06-24 09:00:00,wagholi,nigadi,Lohgaon Rd,1,5,24,6,9,2022,5524
2022-06-24 13:00:00,wagholi,nigadi,Khadaki,1,5,24,6,13,2022,3454
2022-06-25 10:00:00,wagholi,nigadi,Lohgaon Rd,1,6,25,6,10,2022,3009
2022-06-25 14:00:00,wagholi,nigadi,Khadaki,1,6,25,6,14,2022,3574
2022-06-26 11:00:00,wagholi,nigadi,Lohgaon Rd,1,7,26,6,11,2022,2987
2022-06-26 15:00:00,wagholi,nigadi,Khadaki,1,7,26,6,15,2022,3999
2022-06-27 12:00:00,wagholi,nigadi,Lohgaon Rd,1,1,27,6,12,2022,4345
2022-06-27 16:00:00,wagholi,nigadi,Khadaki,1,1,27,6,16,2022,3567
2022-06-28 13:00:00,wagholi,nigadi,Lohgaon Rd,1,2,28,6,13,2022,4112
2022-06-28 17:00:00,wagholi,nigadi,Khadaki,1,2,28,6,17,2022,4869
2022-06-29 14:00:00,wagholi,nigadi,Lohgaon Rd,1,3,29,6,14,2022,4876
2022-06-29 18:00:00,wagholi,nigadi,Khadaki,1,3,29,6,18,2022,4876
2022-06-30 15:00:00,wagholi,nigadi,Lohgaon Rd,1,4,30,6,15,2022,5111
2022-06-30 19:00:00,wagholi,nigadi,Khadaki,1,4,30,6,19,2022,4257
2022-07-01 16:00:00,wagholi,nigadi,Lohgaon Rd,1,5,1,7,16,2022,4999
2022-07-01 20:00:00,wagholi,nigadi,Khadaki,1,5,1,7,20,2022,4570
2022-07-02 17:00:00,wagholi,nigadi,Lohgaon Rd,1,6,2,7,17,2022,3453
2022-07-02 21:00:00,wagholi,nigadi,Khadaki,1,6,2,7,21,2022,3568
2022-07-03 18:00:00,wagholi,nigadi,Lohgaon Rd,1,7,3,7,18,2022,3421
2022-07-03 22:00:00,wagholi,nigadi,Khadaki,1,7,3,7,22,2022,3465
2022-07-04 19:00:00,wagholi,nigadi,Lohgaon Rd,1,1,4,7,19,2022,5678
2022-07-04 23:00:00,wagholi,nigadi,Khadaki,1,1,4,7,23,2022,2567
2022-07-05 20:00:00,wagholi,nigadi,Lohgaon Rd,1,2,5,7,20,2022,5525
2022-07-06 00:00:00,wagholi,nigadi,Khadaki,1,3,6,7,0,2022,1765
2022-07-06 21:00:00,wagholi,nigadi,Lohgaon Rd,1,3,6,7,21,2022,5983
2022-07-07 01:00:00,wagholi,nigadi,Khadaki,1,4,7,7,1,2022,999
2022-07-07 22:00:00,wagholi,nigadi,Lohgaon Rd,1,4,7,7,22,2022,5678
2022-07-08 02:00:00,wagholi,nigadi,Khadaki,1,5,8,7,2,2022,989
2022-07-08 23:00:00,wagholi,nigadi,Lohgaon Rd,1,5,8,7,23,2022,4099
2022-07-09 03:00:00,wagholi,nigadi,Khadaki,1,6,9,7,3,2022,978
2022-07-10 04:00:00,wagholi,nigadi,Khadaki,1,7,10,7,4,2022,1000
2022-07-10 12:00:00,wagholi,nigadi,Lohgaon Rd,1,7,10,7,12,2022,3099
2022-07-11 01:00:00,wagholi,nigadi,Lohgaon Rd,1,1,11,7,1,2022,1023
2022-07-11 05:00:00,wagholi,nigadi,Khadaki,1,1,11,7,5,2022,1542
2022-07-12 02:00:00,wagholi,nigadi,Lohgaon Rd,1,2,12,7,2,2022,866
2022-07-12 06:00:00,wagholi,nigadi,Khadaki,1,2,12,7,6,2022,1654
2022-07-13 03:00:00,wagholi,nigadi,Lohgaon Rd,1,3,13,7,3,2022,982
2022-07-13 07:00:00,wagholi,nigadi,Khadaki,1,3,13,7,7,2022,2768
2022-07-14 04:00:00,wagholi,nigadi,Lohgaon Rd,1,4,14,7,4,2022,899
2022-07-14 08:00:00,wagholi,nigadi,Khadaki,1,4,14,7,8,2022,3876
2022-07-15 05:00:00,wagholi,nigadi,Lohgaon Rd,1,5,15,7,5,2022,908
2022-07-15 09:00:00,wagholi,nigadi,Khadaki,1,5,15,7,9,2022,4657
2022-07-16 06:00:00,wagholi,nigadi,Lohgaon Rd,1,6,16,7,6,2022,922
2022-07-16 10:00:00,wagholi,nigadi,Khadaki,1,6,16,7,10,2022,2121
2022-07-17 07:00:00,wagholi,nigadi,Lohgaon Rd,1,7,17,7,7,2022,1000
2022-07-17 11:00:00,wagholi,nigadi,Khadaki,1,7,17,7,11,2022,2000
2022-07-18 08:00:00,wagholi,nigadi,Lohgaon Rd,1,1,18,7,8,2022,3456
2022-07-18 12:00:00,wagholi,nigadi,Khadaki,1,1,18,7,12,2022,2544
2022-07-19 09:00:00,wagholi,nigadi,Lohgaon Rd,1,2,19,7,9,2022,5678
2022-07-19 13:00:00,wagholi,nigadi,Khadaki,1,2,19,7,13,2022,2654
2022-07-20 10:00:00,wagholi,nigadi,Lohgaon Rd,1,3,20,7,10,2022,5500
2022-07-20 14:00:00,wagholi,nigadi,Khadaki,1,3,20,7,14,2022,2654
2022-07-21 11:00:00,wagholi,nigadi,Lohgaon Rd,1,4,21,7,11,2022,5321
2022-07-21 15:00:00,wagholi,nigadi,Khadaki,1,4,21,7,15,2022,3655
2022-07-22 12:00:00,wagholi,nigadi,Lohgaon Rd,1,5,22,7,12,2022,4567
2022-07-22 16:00:00,wagholi,nigadi,Khadaki,1,5,22,7,16,2022,4365
2022-07-23 13:00:00,wagholi,nigadi,Lohgaon Rd,1,6,23,7,13,2022,3002
2022-07-23 17:00:00,wagholi,nigadi,Khadaki,1,6,23,7,17,2022,4876
2022-07-24 14:00:00,wagholi,nigadi,Lohgaon Rd,1,7,24,7,14,2022,2344
2022-07-24 18:00:00,wagholi,nigadi,Khadaki,1,7,24,7,18,2022,4567
2022-07-25 15:00:00,wagholi,nigadi,Lohgaon Rd,1,1,25,7,15,2022,4321
2022-07-25 19:00:00,wagholi,nigadi,Khadaki,1,1,25,7,19,2022,4654
2022-07-26 16:00:00,wagholi,nigadi,Lohgaon Rd,1,2,26,7,16,2022,3488
2022-07-26 20:00:00,wagholi,nigadi,Khadaki,1,2,26,7,20,2022,3865
2022-07-27 17:00:00,wagholi,nigadi,Lohgaon Rd,1,3,27,7,17,2022,4500
2022-07-27 21:00:00,wagholi,nigadi,Khadaki,1,3,27,7,21,2022,3546
2022-07-28 18:00:00,wagholi,nigadi,Lohgaon Rd,1,4,28,7,18,2022,5000
2022-07-28 22:00:00,wagholi,nigadi,Khadaki,1,4,28,7,22,2022,2935
2022-07-29 19:00:00,wagholi,nigadi,Lohgaon Rd,1,5,29,7,19,2022,5210
2022-07-29 23:00:00,wagholi,nigadi,Khadaki,1,5,29,7,23,2022,2788
2022-07-30 20:00:00,wagholi,nigadi,Lohgaon Rd,1,6,30,7,20,2022,3400
2022-07-31 00:00:00,wagholi,nigadi,Khadaki,1,7,31,7,0,2022,1650
2022-07-31 21:00:00,wagholi,nigadi,Lohgaon Rd,1,7,31,7,21,2022,3489
2022-08-01 01:00:00,wagholi,nigadi,Khadaki,1,1,1,8,1,2022,1200
2022-08-01 12:00:00,wagholi,nigadi,Lohgaon Rd,1,1,1,8,12,2022,3400
2022-08-02 02:00:00,wagholi,nigadi,Khadaki,1,2,2,8,2,2022,923
2022-08-02 13:00:00,wagholi,nigadi,Lohgaon Rd,1,2,2,8,13,2022,4588
2022-08-03 03:00:00,wagholi,nigadi,Khadaki,1,3,3,8,3,2022,876
2022-08-04 04:00:00,wagholi,nigadi,Khadaki,1,4,4,8,4,2022,876
2022-08-04 15:00:00,wagholi,nigadi,Lohgaon Rd,1,4,4,8,15,2022,5400
2022-08-05 01:00:00,wagholi,nigadi,Lohgaon Rd,1,5,5,8,1,2022,1000
2022-08-05 05:00:00,wagholi,nigadi,Khadaki,1,5,5,8,5,2022,976
2022-08-06 02:00:00,wagholi,nigadi,Lohgaon Rd,1,6,6,8,2,2022,900
2022-08-06 06:00:00,wagholi,nigadi,Khadaki,1,6,6,8,6,2022,999
2022-08-07 03:00:00,wagholi,nigadi,Lohgaon Rd,1,7,7,8,3,2022,987
2022-08-07 07:00:00,wagholi,nigadi,Khadaki,1,7,7,8,7,2022,1265
2022-08-08 04:00:00,wagholi,nigadi,Lohgaon Rd,1,1,8,8,4,2022,990
2022-08-08 08:00:00,wagholi,nigadi,Khadaki,1,1,8,8,8,2022,3324
2022-08-09 05:00:00,wagholi,nigadi,Lohgaon Rd,1,2,9,8,5,2022,2000
2022-08-09 09:00:00,wagholi,nigadi,Khadaki,1,2,9,8,9,2022,4567
2022-08-10 06:00:00,wagholi,nigadi,Lohgaon Rd,1,3,10,8,6,2022,2100
2022-08-10 10:00:00,wagholi,nigadi,Khadaki,1,3,10,8,10,2022,4325
2022-08-11 07:00:00,wagholi,nigadi,Lohgaon Rd,1,4,11,8,7,2022,3000
2022-08-11 11:00:00,wagholi,nigadi,Khadaki,1,4,11,8,11,2022,3544
2022-08-12 08:00:00,wagholi,nigadi,Lohgaon Rd,1,5,12,8,8,2022,4000
2022-08-12 12:00:00,wagholi,nigadi,Khadaki,1,5,12,8,12,2022,2456
2022-08-13 09:00:00,wagholi,nigadi,Lohgaon Rd,1,6,13,8,9,2022,1500
2022-08-13 13:00:00,wagholi,nigadi,Khadaki,1,6,13,8,13,2022,2343
2022-08-14 10:00:00,wagholi,nigadi,Lohgaon Rd,1,7,14,8,10,2022,2500
2022-08-14 14:00:00,wagholi,nigadi,Khadaki,1,7,14,8,14,2022,3333
2022-08-15 11:00:00,wagholi,nigadi,Lohgaon Rd,1,1,15,8,11,2022,5400
2022-08-15 15:00:00,wagholi,nigadi,Khadaki,1,1,15,8,15,2022,3897
2022-08-16 12:00:00,wagholi,nigadi,Lohgaon Rd,1,2,16,8,12,2022,2000
2022-08-16 16:00:00,wagholi,nigadi,Khadaki,1,2,16,8,16,2022,4377
2022-08-17 13:00:00,wagholi,nigadi,Lohgaon Rd,1,3,17,8,13,2022,4000
2022-08-17 17:00:00,wagholi,nigadi,Khadaki,1,3,17,8,17,2022,4657
2022-08-18 14:00:00,wagholi,nigadi,Lohgaon Rd,1,4,18,8,14,2022,4500
2022-08-18 18:00:00,wagholi,nigadi,Khadaki,1,4,18,8,18,2022,4637
2022-08-19 15:00:00,wagholi,nigadi,Lohgaon Rd,1,5,19,8,15,2022,5000
2022-08-19 19:00:00,wagholi,nigadi,Khadaki,1,5,19,8,19,2022,3999
2022-08-20 16:00:00,wagholi,nigadi,Lohgaon Rd,1,6,20,8,16,2022,3000
2022-08-20 20:00:00,wagholi,nigadi,Khadaki,1,6,20,8,20,2022,3857
2022-08-21 17:00:00,wagholi,nigadi,Lohgaon Rd,1,7,21,8,17,2022,3500
2022-08-21 21:00:00,wagholi,nigadi,Khadaki,1,7,21,8,21,2022,3256
2022-08-22 18:00:00,wagholi,nigadi,Lohgaon Rd,1,1,22,8,18,2022,4000
2022-08-22 22:00:00,wagholi,nigadi,Khadaki,1,1,22,8,22,2022,3234
2022-08-23 19:00:00,wagholi,nigadi,Lohgaon Rd,1,2,23,8,19,2022,4500
2022-08-23 23:00:00,wagholi,nigadi,Khadaki,1,2,23,8,23,2022,2453
2022-08-24 20:00:00,wagholi,nigadi,Lohgaon Rd,1,3,24,8,20,2022,4700
2022-08-25 00:00:00,wagholi,nigadi,Khadaki,1,4,25,8,0,2022,1953
2022-08-25 21:00:00,wagholi,nigadi,Lohgaon Rd,1,4,25,8,21,2022,4800
2022-08-26 01:00:00,wagholi,nigadi,Khadaki,1,5,26,8,1,2022,1674
2022-08-26 22:00:00,wagholi,nigadi,Lohgaon Rd,1,5,26,8,22,2022,5000
2022-08-27 02:00:00,wagholi,nigadi,Khadaki,1,6,27,8,2,2022,956
2022-08-27 23:00:00,wagholi,nigadi,Lohgaon Rd,1,6,27,8,23,2022,5400
2022-08-28 03:00:00,wagholi,nigadi,Khadaki,1,7,28,8,3,2022,984
2022-08-29 04:00:00,wagholi,nigadi,Khadaki,1,1,29,8,4,2022,986
2022-08-29 09:00:00,wagholi,nigadi,Lohgaon Rd,1,1,29,8,9,2022,1500
2022-08-30 01:00:00,wagholi,nigadi,Lohgaon Rd,1,2,30,8,1,2022,900
2022-08-30 05:00:00,wagholi,nigadi,Khadaki,1,2,30,8,5,2022,1543
2022-08-31 02:00:00,wagholi,nigadi,Lohgaon Rd,1,3,31,8,2,2022,800
2022-08-31 06:00:00,wagholi,nigadi,Khadaki,1,3,31,8,6,2022,2754
2022-09-01 03:00:00,wagholi,nigadi,Lohgaon Rd,1,4,1,9,3,2022,750
2022-09-01 07:00:00,wagholi,nigadi,Khadaki,1,4,1,9,7,2022,3645
2022-09-02 04:00:00,wagholi,nigadi,Lohgaon Rd,1,5,2,9,4,2022,970
2022-09-02 08:00:00,wagholi,nigadi,Khadaki,1,5,2,9,8,2022,4363
2022-09-03 05:00:00,wagholi,nigadi,Lohgaon Rd,1,6,3,9,5,2022,1000
2022-09-03 09:00:00,wagholi,nigadi,Khadaki,1,6,3,9,9,2022,2356
2022-09-04 06:00:00,wagholi,nigadi,Lohgaon Rd,1,7,4,9,6,2022,5503
2022-09-04 10:00:00,wagholi,nigadi,Khadaki,1,7,4,9,10,2022,2854
2022-09-05 07:00:00,wagholi,nigadi,Lohgaon Rd,1,1,5,9,7,2022,5504
2022-09-05 11:00:00,wagholi,nigadi,Khadaki,1,1,5,9,11,2022,2754
2022-09-06 08:00:00,wagholi,nigadi,Lohgaon Rd,1,2,6,9,8,2022,5502
2022-09-06 12:00:00,wagholi,nigadi,Khadaki,1,2,6,9,12,2022,3545
2022-09-07 09:00:00,wagholi,nigadi,Lohgaon Rd,1,3,7,9,9,2022,5501
2022-09-07 13:00:00,wagholi,nigadi,Khadaki,1,3,7,9,13,2022,4433
2022-09-08 10:00:00,wagholi,nigadi,Lohgaon Rd,1,4,8,9,10,2022,4000
2022-09-08 14:00:00,wagholi,nigadi,Khadaki,1,4,8,9,14,2022,5433
2022-09-09 11:00:00,wagholi,nigadi,Lohgaon Rd,1,5,9,9,11,2022,5500
2022-09-09 15:00:00,wagholi,nigadi,Khadaki,1,5,9,9,15,2022,5522
2022-09-10 12:00:00,wagholi,nigadi,Lohgaon Rd,1,6,10,9,12,2022,2000
2022-09-10 16:00:00,wagholi,nigadi,Khadaki,1,6,10,9,16,2022,2897
2022-09-11 13:00:00,wagholi,nigadi,Lohgaon Rd,1,7,11,9,13,2022,2500
2022-09-11 17:00:00,wagholi,nigadi,Khadaki,1,7,11,9,17,2022,2789
2022-09-12 14:00:00,wagholi,nigadi,Lohgaon Rd,1,1,12,9,14,2022,4000
2022-09-12 18:00:00,wagholi,nigadi,Khadaki,1,1,12,9,18,2022,4987
2022-09-13 15:00:00,wagholi,nigadi,Lohgaon Rd,1,2,13,9,15,2022,4200
2022-09-13 19:00:00,wagholi,nigadi,Khadaki,1,2,13,9,19,2022,5364
2022-09-14 16:00:00,wagholi,nigadi,Lohgaon Rd,1,3,14,9,16,2022,4500
2022-09-14 20:00:00,wagholi,nigadi,Khadaki,1,3,14,9,20,2022,5432
2022-09-15 17:00:00,wagholi,nigadi,Lohgaon Rd,1,4,15,9,17,2022,5000
2022-09-15 21:00:00,wagholi,nigadi,Khadaki,1,4,15,9,21,2022,4354
2022-09-16 18:00:00,wagholi,nigadi,Lohgaon Rd,1,5,16,9,18,2022,5200
2022-09-16 22:00:00,wagholi,nigadi,Khadaki,1,5,16,9,22,2022,3758
2022-09-17 19:00:00,wagholi,nigadi,Lohgaon Rd,1,6,17,9,19,2022,2000
2022-09-17 23:00:00,wagholi,nigadi,Khadaki,1,6,17,9,23,2022,3756
2022-09-18 20:00:00,wagholi,nigadi,Lohgaon Rd,1,7,18,9,20,2022,2200
2022-09-19 00:00:00,wagholi,nigadi,Khadaki,1,1,19,9,0,2022,2847
2022-09-19 21:00:00,wagholi,nigadi,Lohgaon Rd,1,1,19,9,21,2022,4000
2022-09-20 01:00:00,wagholi,nigadi,Khadaki,1,2,20,9,1,2022,1875
2022-09-20 22:00:00,wagholi,nigadi,Lohgaon Rd,1,2,20,9,22,2022,4300
2022-09-21 02:00:00,wagholi,nigadi,Khadaki,1,3,21,9,2,2022,756
2022-09-21 23:00:00,wagholi,nigadi,Lohgaon Rd,1,3,21,9,23,2022,2300
2022-09-22 03:00:00,wagholi,nigadi,Khadaki,1,4,22,9,3,2022,746
2022-09-23 00:00:00,wagholi,nigadi,Lohgaon Rd,1,5,23,9,0,2022,2700
2022-09-23 04:00:00,wagholi,nigadi,Khadaki,1,5,23,9,4,2022,984
2022-09-24 01:00:00,wagholi,nigadi,Lohgaon Rd,1,6,24,9,1,2022,1000
2022-09-24 05:00:00,wagholi,nigadi,Khadaki,1,6,24,9,5,2022,1654
2022-09-25 02:00:00,wagholi,nigadi,Lohgaon Rd,1,7,25,9,2,2022,900
2022-09-25 06:00:00,wagholi,nigadi,Khadaki,1,7,25,9,6,2022,1743
2022-09-26 03:00:00,wagholi,nigadi,Lohgaon Rd,1,1,26,9,3,2022,700
2022-09-26 07:00:00,wagholi,nigadi,Khadaki,1,1,26,9,7,2022,2764
2022-09-27 04:00:00,wagholi,nigadi,Lohgaon Rd,1,2,27,9,4,2022,900
2022-09-27 08:00:00,wagholi,nigadi,Khadaki,1,2,27,9,8,2022,3857
2022-09-28 05:00:00,wagholi,nigadi,Lohgaon Rd,1,3,28,9,5,2022,650
2022-09-28 09:00:00,wagholi,nigadi,Khadaki,1,3,28,9,9,2022,4132
2022-09-29 06:00:00,wagholi,nigadi,Lohgaon Rd,1,4,29,9,6,2022,5501
2022-09-29 10:00:00,wagholi,nigadi,Khadaki,1,4,29,9,10,2022,3874
2022-09-30 07:00:00,wagholi,nigadi,Lohgaon Rd,1,5,30,9,7,2022,5513
2022-09-30 11:00:00,wagholi,nigadi,Khadaki,1,5,30,9,11,2022,2933
2022-10-01 08:00:00,wagholi,nigadi,Lohgaon Rd,1,6,1,10,8,2022,5502
2022-10-01 12:00:00,wagholi,nigadi,Khadaki,1,6,1,10,12,2022,2855
2022-10-02 09:00:00,wagholi,nigadi,Lohgaon Rd,1,7,2,10,9,2022,5518
2022-10-02 13:00:00,wagholi,nigadi,Khadaki,1,7,2,10,13,2022,3762
2022-10-03 10:00:00,wagholi,nigadi,Lohgaon Rd,1,1,3,10,10,2022,5508
2022-10-03 14:00:00,wagholi,nigadi,Khadaki,1,1,3,10,14,2022,4932
2022-10-04 11:00:00,wagholi,nigadi,Lohgaon Rd,1,2,4,10,11,2022,5507
2022-10-04 15:00:00,wagholi,nigadi,Khadaki,1,2,4,10,15,2022,4689
2022-10-05 12:00:00,wagholi,nigadi,Lohgaon Rd,1,3,5,10,12,2022,5505
2022-10-05 16:00:00,wagholi,nigadi,Khadaki,1,3,5,10,16,2022,5549
2022-10-06 13:00:00,wagholi,nigadi,Lohgaon Rd,1,4,6,10,13,2022,3000
2022-10-06 17:00:00,wagholi,nigadi,Khadaki,1,4,6,10,17,2022,4768
2022-10-07 14:00:00,wagholi,nigadi,Lohgaon Rd,1,5,7,10,14,2022,4000
2022-10-07 18:00:00,wagholi,nigadi,Khadaki,1,5,7,10,18,2022,4986
2022-10-08 15:00:00,wagholi,nigadi,Lohgaon Rd,1,6,8,10,15,2022,4500
2022-10-08 19:00:00,wagholi,nigadi,Khadaki,1,6,8,10,19,2022,4755
2022-10-09 16:00:00,wagholi,nigadi,Lohgaon Rd,1,7,9,10,16,2022,5000
2022-10-09 20:00:00,wagholi,nigadi,Khadaki,1,7,9,10,20,2022,4352
2022-10-10 17:00:00,wagholi,nigadi,Lohgaon Rd,1,1,10,10,17,2022,5200
2022-10-10 21:00:00,wagholi,nigadi,Khadaki,1,1,10,10,21,2022,3945
2022-10-11 18:00:00,wagholi,nigadi,Lohgaon Rd,1,2,11,10,18,2022,5300
2022-10-11 22:00:00,wagholi,nigadi,Khadaki,1,2,11,10,22,2022,2756
2022-10-12 19:00:00,wagholi,nigadi,Lohgaon Rd,1,3,12,10,19,2022,5400
2022-10-12 23:00:00,wagholi,nigadi,Khadaki,1,3,12,10,23,2022,2356
2022-10-13 20:00:00,wagholi,nigadi,Lohgaon Rd,1,4,13,10,20,2022,5500
2022-10-14 00:00:00,wagholi,nigadi,Khadaki,1,5,14,10,0,2022,1867
2022-10-14 21:00:00,wagholi,nigadi,Lohgaon Rd,1,5,14,10,21,2022,5450
2022-10-15 01:00:00,wagholi,nigadi,Khadaki,1,6,15,10,1,2022,987
2022-10-15 22:00:00,wagholi,nigadi,Lohgaon Rd,1,6,15,10,22,2022,2000
2022-10-16 02:00:00,wagholi,nigadi,Khadaki,1,7,16,10,2,2022,845
2022-10-16 23:00:00,wagholi,nigadi,Lohgaon Rd,1,7,16,10,23,2022,1500
2022-10-17 03:00:00,wagholi,nigadi,Khadaki,1,1,17,10,3,2022,876
2022-10-18 00:00:00,wagholi,nigadi,Lohgaon Rd,1,2,18,10,0,2022,2000
2022-10-18 04:00:00,wagholi,nigadi,Khadaki,1,2,18,10,4,2022,756
2022-10-19 01:00:00,wagholi,nigadi,Lohgaon Rd,1,3,19,10,1,2022,1000
2022-10-19 05:00:00,wagholi,nigadi,Khadaki,1,3,19,10,5,2022,1745
2022-10-20 02:00:00,wagholi,nigadi,Lohgaon Rd,1,4,20,10,2,2022,990
2022-10-20 06:00:00,wagholi,nigadi,Khadaki,1,4,20,10,6,2022,2336
2022-10-21 03:00:00,wagholi,nigadi,Lohgaon Rd,1,5,21,10,3,2022,980
2022-10-21 07:00:00,wagholi,nigadi,Khadaki,1,5,21,10,7,2022,2345
2022-10-22 04:00:00,wagholi,nigadi,Lohgaon Rd,1,6,22,10,4,2022,1000
2022-10-22 08:00:00,wagholi,nigadi,Khadaki,1,6,22,10,8,2022,3721
2022-10-23 05:00:00,wagholi,nigadi,Lohgaon Rd,1,7,23,10,5,2022,2000
2022-10-23 09:00:00,wagholi,nigadi,Khadaki,1,7,23,10,9,2022,4362
2022-10-24 06:00:00,wagholi,nigadi,Lohgaon Rd,1,1,24,10,6,2022,2000
2022-10-24 10:00:00,wagholi,nigadi,Khadaki,1,1,24,10,10,2022,2456
2022-10-25 07:00:00,wagholi,nigadi,Lohgaon Rd,1,2,25,10,7,2022,2500
2022-10-25 11:00:00,wagholi,nigadi,Khadaki,1,2,25,10,11,2022,2344
2022-10-26 08:00:00,wagholi,nigadi,Lohgaon Rd,1,3,26,10,8,2022,2600
2022-10-26 12:00:00,wagholi,nigadi,Khadaki,1,3,26,10,12,2022,1234
2022-10-27 09:00:00,wagholi,nigadi,Lohgaon Rd,1,4,27,10,9,2022,2800
2022-10-27 13:00:00,wagholi,nigadi,Khadaki,1,4,27,10,13,2022,2957
2022-10-28 10:00:00,wagholi,nigadi,Lohgaon Rd,1,5,28,10,10,2022,3000
2022-10-28 14:00:00,wagholi,nigadi,Khadaki,1,5,28,10,14,2022,2873
2022-10-29 11:00:00,wagholi,nigadi,Lohgaon Rd,1,6,29,10,11,2022,1000
2022-10-29 15:00:00,wagholi,nigadi,Khadaki,1,6,29,10,15,2022,3987
2022-10-30 12:00:00,wagholi,nigadi,Lohgaon Rd,1,7,30,10,12,2022,2000
2022-10-30 16:00:00,wagholi,nigadi,Khadaki,1,7,30,10,16,2022,3876
2022-10-31 13:00:00,wagholi,nigadi,Lohgaon Rd,1,1,31,10,13,2022,3500
2022-10-31 17:00:00,wagholi,nigadi,Khadaki,1,1,31,10,17,2022,4321
2022-11-01 14:00:00,wagholi,nigadi,Lohgaon Rd,1,2,1,11,14,2022,4000
2022-11-01 18:00:00,wagholi,nigadi,Khadaki,1,2,1,11,18,2022,5946
2022-11-02 15:00:00,wagholi,nigadi,Lohgaon Rd,1,3,2,11,15,2022,4500
2022-11-02 19:00:00,wagholi,nigadi,Khadaki,1,3,2,11,19,2022,3478
2022-11-03 16:00:00,wagholi,nigadi,Lohgaon Rd,1,4,3,11,16,2022,4800
2022-11-03 20:00:00,wagholi,nigadi,Khadaki,1,4,3,11,20,2022,3865
2022-11-04 17:00:00,wagholi,nigadi,Lohgaon Rd,1,5,4,11,17,2022,4900
2022-11-04 21:00:00,wagholi,nigadi,Khadaki,1,5,4,11,21,2022,3921
2022-11-05 18:00:00,wagholi,nigadi,Lohgaon Rd,1,6,5,11,18,2022,3000
2022-11-05 22:00:00,wagholi,nigadi,Khadaki,1,6,5,11,22,2022,3765
2022-11-06 19:00:00,wagholi,nigadi,Lohgaon Rd,1,7,6,11,19,2022,3100
2022-11-06 23:00:00,wagholi,nigadi,Khadaki,1,7,6,11,23,2022,1987
2022-11-07 20:00:00,wagholi,nigadi,Lohgaon Rd,1,1,7,11,20,2022,4000
2022-11-08 00:00:00,wagholi,nigadi,Khadaki,1,2,8,11,0,2022,1654
2022-11-08 21:00:00,wagholi,nigadi,Lohgaon Rd,1,2,8,11,21,2022,4500
2022-11-09 01:00:00,wagholi,nigadi,Khadaki,1,3,9,11,1,2022,999
2022-11-09 22:00:00,wagholi,nigadi,Lohgaon Rd,1,3,9,11,22,2022,5000
2022-11-10 02:00:00,wagholi,nigadi,Khadaki,1,4,10,11,2,2022,635
2022-11-10 23:00:00,wagholi,nigadi,Lohgaon Rd,1,4,10,11,23,2022,2000
2022-11-11 03:00:00,wagholi,nigadi,Khadaki,1,5,11,11,3,2022,834
2022-11-12 00:00:00,wagholi,nigadi,Lohgaon Rd,1,6,12,11,0,2022,2000
2022-11-12 04:00:00,wagholi,nigadi,Khadaki,1,6,12,11,4,2022,789
2022-11-13 01:00:00,wagholi,nigadi,Lohgaon Rd,1,7,13,11,1,2022,900
2022-11-13 05:00:00,wagholi,nigadi,Khadaki,1,7,13,11,5,2022,1234
2022-11-14 02:00:00,wagholi,nigadi,Lohgaon Rd,1,1,14,11,2,2022,920
2022-11-14 06:00:00,wagholi,nigadi,Khadaki,1,1,14,11,6,2022,2744
2022-11-15 03:00:00,wagholi,nigadi,Lohgaon Rd,1,2,15,11,3,2022,930
2022-11-15 07:00:00,wagholi,nigadi,Khadaki,1,2,15,11,7,2022,2345
2022-11-16 04:00:00,wagholi,nigadi,Lohgaon Rd,1,3,16,11,4,2022,940
2022-11-16 08:00:00,wagholi,nigadi,Khadaki,1,3,16,11,8,2022,4321
2022-11-17 05:00:00,wagholi,nigadi,Lohgaon Rd,1,4,17,11,5,2022,980
2022-11-17 09:00:00,wagholi,nigadi,Khadaki,1,4,17,11,9,2022,4678
2022-11-18 06:00:00,wagholi,nigadi,Lohgaon Rd,1,5,18,11,6,2022,1000
2022-11-18 10:00:00,wagholi,nigadi,Khadaki,1,5,18,11,10,2022,3452
2022-11-19 07:00:00,wagholi,nigadi,Lohgaon Rd,1,6,19,11,7,2022,1000
2022-11-19 11:00:00,wagholi,nigadi,Khadaki,1,6,19,11,11,2022,2345
2022-11-20 08:00:00,wagholi,nigadi,Lohgaon Rd,1,7,20,11,8,2022,1200
2022-11-20 12:00:00,wagholi,nigadi,Khadaki,1,7,20,11,12,2022,3865
2022-11-21 09:00:00,wagholi,nigadi,Lohgaon Rd,1,1,21,11,9,2022,4000
2022-11-21 13:00:00,wagholi,nigadi,Khadaki,1,1,21,11,13,2022,3457
2022-11-22 10:00:00,wagholi,nigadi,Lohgaon Rd,1,2,22,11,10,2022,4500
2022-11-22 14:00:00,wagholi,nigadi,Khadaki,1,2,22,11,14,2022,3654
2022-11-23 11:00:00,wagholi,nigadi,Lohgaon Rd,1,3,23,11,11,2022,5000
2022-11-23 15:00:00,wagholi,nigadi,Khadaki,1,3,23,11,15,2022,3987
2022-11-24 12:00:00,wagholi,nigadi,Lohgaon Rd,1,4,24,11,12,2022,4800
2022-11-24 16:00:00,wagholi,nigadi,Khadaki,1,4,24,11,16,2022,4321
2022-11-25 13:00:00,wagholi,nigadi,Lohgaon Rd,1,5,25,11,13,2022,5000
2022-11-25 17:00:00,wagholi,nigadi,Khadaki,1,5,25,11,17,2022,4567
2022-11-26 14:00:00,wagholi,nigadi,Lohgaon Rd,1,6,26,11,14,2022,1000
2022-11-26 18:00:00,wagholi,nigadi,Khadaki,1,6,26,11,18,2022,5432
2022-11-27 15:00:00,wagholi,nigadi,Lohgaon Rd,1,7,27,11,15,2022,2000
2022-11-27 19:00:00,wagholi,nigadi,Khadaki,1,7,27,11,19,2022,5432
2022-11-28 16:00:00,wagholi,nigadi,Lohgaon Rd,1,1,28,11,16,2022,4800
2022-11-28 20:00:00,wagholi,nigadi,Khadaki,1,1,28,11,20,2022,4654
2022-11-29 17:00:00,wagholi,nigadi,Lohgaon Rd,1,2,29,11,17,2022,5000
2022-11-29 21:00:00,wagholi,nigadi,Khadaki,1,2,29,11,21,2022,4321
2022-11-30 18:00:00,wagholi,nigadi,Lohgaon Rd,1,3,30,11,18,2022,5200
2022-11-30 22:00:00,wagholi,nigadi,Khadaki,1,3,30,11,22,2022,3433
2022-12-01 19:00:00,wagholi,nigadi,Lohgaon Rd,1,4,1,12,19,2022,5300
2022-12-01 23:00:00,wagholi,nigadi,Khadaki,1,4,1,12,23,2022,2765
2022-12-02 20:00:00,wagholi,nigadi,Lohgaon Rd,1,5,2,12,20,2022,5400
2022-12-03 00:00:00,wagholi,nigadi,Khadaki,1,6,3,12,0,2022,1765
2022-12-03 21:00:00,wagholi,nigadi,Lohgaon Rd,1,6,3,12,21,2022,1000
2022-12-04 01:00:00,wagholi,nigadi,Khadaki,1,7,4,12,1,2022,912
2022-12-04 22:00:00,wagholi,nigadi,Lohgaon Rd,1,7,4,12,22,2022,900
2022-12-05 02:00:00,wagholi,nigadi,Khadaki,1,1,5,12,2,2022,598
2022-12-05 23:00:00,wagholi,nigadi,Lohgaon Rd,1,1,5,12,23,2022,3000
2022-12-06 03:00:00,wagholi,nigadi,Khadaki,1,2,6,12,3,2022,654
2022-12-07 00:00:00,wagholi,nigadi,Lohgaon Rd,1,3,7,12,0,2022,3200
2022-12-07 04:00:00,wagholi,nigadi,Khadaki,1,3,7,12,4,2022,789
2022-12-08 01:00:00,wagholi,nigadi,Lohgaon Rd,1,4,8,12,1,2022,900
2022-12-08 05:00:00,wagholi,nigadi,Khadaki,1,4,8,12,5,2022,987
2022-12-09 02:00:00,wagholi,nigadi,Lohgaon Rd,1,5,9,12,2,2022,960
2022-12-09 06:00:00,wagholi,nigadi,Khadaki,1,5,9,12,6,2022,2677
2022-12-10 03:00:00,wagholi,nigadi,Lohgaon Rd,1,6,10,12,3,2022,900
2022-12-10 07:00:00,wagholi,nigadi,Khadaki,1,6,10,12,7,2022,2311
2022-12-11 04:00:00,wagholi,nigadi,Lohgaon Rd,1,7,11,12,4,2022,900
2022-12-11 08:00:00,wagholi,nigadi,Khadaki,1,7,11,12,8,2022,3776
2022-12-12 05:00:00,wagholi,nigadi,Lohgaon Rd,1,1,12,12,5,2022,1000
2022-12-12 09:00:00,wagholi,nigadi,Khadaki,1,1,12,12,9,2022,5289
2022-12-13 06:00:00,wagholi,nigadi,Lohgaon Rd,1,2,13,12,6,2022,2000
2022-12-13 10:00:00,wagholi,nigadi,Khadaki,1,2,13,12,10,2022,5543
2022-12-14 07:00:00,wagholi,nigadi,Lohgaon Rd,1,3,14,12,7,2022,2500
2022-12-14 11:00:00,wagholi,nigadi,Khadaki,1,3,14,12,11,2022,2342
2022-12-15 08:00:00,wagholi,nigadi,Lohgaon Rd,1,4,15,12,8,2022,3000
2022-12-15 12:00:00,wagholi,nigadi,Khadaki,1,4,15,12,12,2022,2987
2022-12-16 09:00:00,wagholi,nigadi,Lohgaon Rd,1,5,16,12,9,2022,4000
2022-12-16 13:00:00,wagholi,nigadi,Khadaki,1,5,16,12,13,2022,4533
2022-12-17 10:00:00,wagholi,nigadi,Lohgaon Rd,1,6,17,12,10,2022,1000
2022-12-17 14:00:00,wagholi,nigadi,Khadaki,1,6,17,12,14,2022,3453
2022-12-18 11:00:00,wagholi,nigadi,Lohgaon Rd,1,7,18,12,11,2022,900
2022-12-18 15:00:00,wagholi,nigadi,Khadaki,1,7,18,12,15,2022,3987
2022-12-19 12:00:00,wagholi,nigadi,Lohgaon Rd,1,1,19,12,12,2022,3000
2022-12-19 16:00:00,wagholi,nigadi,Khadaki,1,1,19,12,16,2022,4253
2022-12-20 13:00:00,wagholi,nigadi,Lohgaon Rd,1,2,20,12,13,2022,3500
2022-12-20 17:00:00,wagholi,nigadi,Khadaki,1,2,20,12,17,2022,4345
2022-12-21 14:00:00,wagholi,nigadi,Lohgaon Rd,1,3,21,12,14,2022,4000
2022-12-21 18:00:00,wagholi,nigadi,Khadaki,1,3,21,12,18,2022,4967
2022-12-22 15:00:00,wagholi,nigadi,Lohgaon Rd,1,4,22,12,15,2022,5000
2022-12-22 19:00:00,wagholi,nigadi,Khadaki,1,4,22,12,19,2022,5647
2022-12-23 16:00:00,wagholi,nigadi,Lohgaon Rd,1,5,23,12,16,2022,4400
2022-12-23 20:00:00,wagholi,nigadi,Khadaki,1,5,23,12,20,2022,4985
2022-12-24 17:00:00,wagholi,nigadi,Lohgaon Rd,1,6,24,12,17,2022,2000
2022-12-24 21:00:00,wagholi,nigadi,Khadaki,1,6,24,12,21,2022,5564
2022-12-25 18:00:00,wagholi,nigadi,Lohgaon Rd,1,7,25,12,18,2022,900
2022-12-25 22:00:00,wagholi,nigadi,Khadaki,1,7,25,12,22,2022,3456
2022-12-26 19:00:00,wagholi,nigadi,Lohgaon Rd,1,1,26,12,19,2022,4000
2022-12-26 23:00:00,wagholi,nigadi,Khadaki,1,1,26,12,23,2022,1999
2022-12-27 20:00:00,wagholi,nigadi,Lohgaon Rd,1,2,27,12,20,2022,4500
2022-12-28 00:00:00,wagholi,nigadi,Khadaki,1,3,28,12,0,2022,2387
2022-12-28 21:00:00,wagholi,nigadi,Lohgaon Rd,1,3,28,12,21,2022,5000
2022-12-29 01:00:00,wagholi,nigadi,Khadaki,1,4,29,12,1,2022,187
2022-12-29 22:00:00,wagholi,nigadi,Lohgaon Rd,1,4,29,12,22,2022,5400
2022-12-30 17:00:00,wagholi,nigadi,Khadaki,1,5,30,12,17,2022,4573
2022-12-30 23:00:00,wagholi,nigadi,Khadaki,1,5,30,12,23,2022,3000
2022-12-31 18:00:00,wagholi,nigadi,Khadaki,1,6,31,12,18,2022,5510
2022-12-31 18:00:00,wagholi,nigadi,Khadaki,1,6,31,12,18,2022,5509
